Group	Work	WorkUrl
Samhita	sa_Rgveda-edAufrecht	https://gretil.sub.uni-goettingen.de/gretil/corpustei/transformations/plaintext/sa_Rgveda-edAufrecht.txt
Samhita	sa_RgvedasaMhitApadapATha	https://gretil.sub.uni-goettingen.de/gretil/corpustei/transformations/plaintext/sa_RgvedasaMhitApadapATha.txt
Samhita	sa_RgvedakhilAni	https://gretil.sub.uni-goettingen.de/gretil/corpustei/transformations/plaintext/sa_RgvedakhilAni.txt
Samhita	sa_paippalAdasaMhitA	https://gretil.sub.uni-goettingen.de/gretil/corpustei/transformations/plaintext/sa_paippalAdasaMhitA.txt
Samhita	sa_sAmavedasaMhitA	https://gretil.sub.uni-goettingen.de/gretil/corpustei/transformations/plaintext/sa_sAmavedasaMhitA.txt
Brahmana	sa_gopathabrAhmaNa	https://gretil.sub.uni-goettingen.de/gretil/corpustei/transformations/plaintext/sa_gopathabrAhmaNa.txt
Brahmana	sa_gopathabrAhmaNa-1	https://gretil.sub.uni-goettingen.de/gretil/corpustei/transformations/plaintext/sa_gopathabrAhmaNa-1.txt
Brahmana	sa_kauSItakibrAhmaNa	https://gretil.sub.uni-goettingen.de/gretil/corpustei/transformations/plaintext/sa_kauSItakibrAhmaNa.txt
Brahmana	sa_paJcaviMzabrAhmaNa	https://gretil.sub.uni-goettingen.de/gretil/corpustei/transformations/plaintext/sa_paJcaviMzabrAhmaNa.txt
Aranyaka	sa_zaGkhAyana-AraNyaka	https://gretil.sub.uni-goettingen.de/gretil/corpustei/transformations/plaintext/sa_zaGkhAyana-AraNyaka.txt
Upanisad	sa_aitareyopaniSad-comm	https://gretil.sub.uni-goettingen.de/gretil/corpustei/transformations/plaintext/sa_aitareyopaniSad-comm.txt
Upanisad	sa_bRhadAraNyakopaniSadkANva-recension-comm	https://gretil.sub.uni-goettingen.de/gretil/corpustei/transformations/plaintext/sa_bRhadAraNyakopaniSadkANva-recension-comm.txt
Upanisad	sa_chAndogyopaniSad-comm	https://gretil.sub.uni-goettingen.de/gretil/corpustei/transformations/plaintext/sa_chAndogyopaniSad-comm.txt
Upanisad	sa_IzopaniSad-or-IzAvAsyopaniSadkANva-recension-comm	https://gretil.sub.uni-goettingen.de/gretil/corpustei/transformations/plaintext/sa_IzopaniSad-or-IzAvAsyopaniSadkANva-recension-comm.txt
Upanisad	sa_kathopaniSad	https://gretil.sub.uni-goettingen.de/gretil/corpustei/transformations/plaintext/sa_kathopaniSad.txt
Upanisad	sa_mANDUkyopaniSad-comm	https://gretil.sub.uni-goettingen.de/gretil/corpustei/transformations/plaintext/sa_mANDUkyopaniSad-comm.txt
Upanisad	sa_mANDUkyopaniSatkArikA	https://gretil.sub.uni-goettingen.de/gretil/corpustei/transformations/plaintext/sa_mANDUkyopaniSatkArikA.txt
Upanisad	sa_mANDUkyopaniSad-alt	https://gretil.sub.uni-goettingen.de/gretil/corpustei/transformations/plaintext/sa_mANDUkyopaniSad-alt.txt
Upanisad	sa_praznopaniSad-comm	https://gretil.sub.uni-goettingen.de/gretil/corpustei/transformations/plaintext/sa_praznopaniSad-comm.txt
Upanisad	sa_zivasaMkalpopaniSad	https://gretil.sub.uni-goettingen.de/gretil/corpustei/transformations/plaintext/sa_zivasaMkalpopaniSad.txt
Upanisad	sa_zvetAzvataropaniSad	https://gretil.sub.uni-goettingen.de/gretil/corpustei/transformations/plaintext/sa_zvetAzvataropaniSad.txt
Upanisad	sa_zvetAzvataropaniSad-alt	https://gretil.sub.uni-goettingen.de/gretil/corpustei/transformations/plaintext/sa_zvetAzvataropaniSad-alt.txt
Upanisad	sa_taittirIyopaniSad-zaMkarabhASya	https://gretil.sub.uni-goettingen.de/gretil/corpustei/transformations/plaintext/sa_taittirIyopaniSad-zaMkarabhASya.txt
Upanisad	sa_brahmabindUpaniSad	https://gretil.sub.uni-goettingen.de/gretil/corpustei/transformations/plaintext/sa_brahmabindUpaniSad.txt
Upanisad	sa_garbhopaniSad	https://gretil.sub.uni-goettingen.de/gretil/corpustei/transformations/plaintext/sa_garbhopaniSad.txt
Upanisad	sa_kaivalyopaniSad	https://gretil.sub.uni-goettingen.de/gretil/corpustei/transformations/plaintext/sa_kaivalyopaniSad.txt
Upanisad	sa_nAdabindUpaniSad	https://gretil.sub.uni-goettingen.de/gretil/corpustei/transformations/plaintext/sa_nAdabindUpaniSad.txt
Upanisad	sa_zira-upaniSad	https://gretil.sub.uni-goettingen.de/gretil/corpustei/transformations/plaintext/sa_zira-upaniSad.txt
Vedanga	sa_AzvalAyanazrautasUtra	https://gretil.sub.uni-goettingen.de/gretil/corpustei/transformations/plaintext/sa_AzvalAyanazrautasUtra.txt
Vedanga	sa_zAGkhAyanazrautasUtra	https://gretil.sub.uni-goettingen.de/gretil/corpustei/transformations/plaintext/sa_zAGkhAyanazrautasUtra.txt
Vedanga	sa_vaitAnazrautasUtra-vaitAnasUtra	https://gretil.sub.uni-goettingen.de/gretil/corpustei/transformations/plaintext/sa_vaitAnazrautasUtra-vaitAnasUtra.txt
Vedanga	sa_ApastambazulbasUtra	https://gretil.sub.uni-goettingen.de/gretil/corpustei/transformations/plaintext/sa_ApastambazulbasUtra.txt
Vedanga	sa_ApastambagRhyasUtra-comm	https://gretil.sub.uni-goettingen.de/gretil/corpustei/transformations/plaintext/sa_ApastambagRhyasUtra-comm.txt
Vedanga	sa_AzvalAyanagRhyasUtra	https://gretil.sub.uni-goettingen.de/gretil/corpustei/transformations/plaintext/sa_AzvalAyanagRhyasUtra.txt
Vedanga	sa_jaiminIyagRhyasUtra	https://gretil.sub.uni-goettingen.de/gretil/corpustei/transformations/plaintext/sa_jaiminIyagRhyasUtra.txt
Vedanga	sa_kauzikasUtra	https://gretil.sub.uni-goettingen.de/gretil/corpustei/transformations/plaintext/sa_kauzikasUtra.txt
Vedanga	sa_kezava-kauzikapaddhati	https://gretil.sub.uni-goettingen.de/gretil/corpustei/transformations/plaintext/sa_kezava-kauzikapaddhati.txt
Vedanga	sa_kauthumagRhyasUtra	https://gretil.sub.uni-goettingen.de/gretil/corpustei/transformations/plaintext/sa_kauthumagRhyasUtra.txt
Vedanga	sa_mAnavagRhyasUtra-maitrAyaNIyamAnavagRhyasUtra	https://gretil.sub.uni-goettingen.de/gretil/corpustei/transformations/plaintext/sa_mAnavagRhyasUtra-maitrAyaNIyamAnavagRhyasUtra.txt
Vedanga	sa_zAGkhAyanagRhyasUtra	https://gretil.sub.uni-goettingen.de/gretil/corpustei/transformations/plaintext/sa_zAGkhAyanagRhyasUtra.txt
Vedanga	sa_vArAhagRhyasUtra	https://gretil.sub.uni-goettingen.de/gretil/corpustei/transformations/plaintext/sa_vArAhagRhyasUtra.txt
Vedanga	sa_atharvaprAyazcittAni	https://gretil.sub.uni-goettingen.de/gretil/corpustei/transformations/plaintext/sa_atharvaprAyazcittAni.txt
Vedanga	sa_atharvavedapariziSTas	https://gretil.sub.uni-goettingen.de/gretil/corpustei/transformations/plaintext/sa_atharvavedapariziSTas.txt
Vedanga	sa_dantyoSThavidhi	https://gretil.sub.uni-goettingen.de/gretil/corpustei/transformations/plaintext/sa_dantyoSThavidhi.txt
Vedanga	sa_yAska-nirukta	https://gretil.sub.uni-goettingen.de/gretil/corpustei/transformations/plaintext/sa_yAska-nirukta.txt
Vedanga	sa_RgvidhAna	https://gretil.sub.uni-goettingen.de/gretil/corpustei/transformations/plaintext/sa_RgvidhAna.txt
Mahabharata	sa_bhagavadgItA-4comm	https://gretil.sub.uni-goettingen.de/gretil/corpustei/transformations/plaintext/sa_bhagavadgItA-4comm.txt
Mahabharata	sa_nArAyaNIya	https://gretil.sub.uni-goettingen.de/gretil/corpustei/transformations/plaintext/sa_nArAyaNIya.txt
Mahabharata	sa_harivaMza	https://gretil.sub.uni-goettingen.de/gretil/corpustei/transformations/plaintext/sa_harivaMza.txt
Mahabharata	sa_harivaMza-app1	https://gretil.sub.uni-goettingen.de/gretil/corpustei/transformations/plaintext/sa_harivaMza-app1.txt
Ramayana	sa_rAmAyaNa	https://gretil.sub.uni-goettingen.de/gretil/corpustei/transformations/plaintext/sa_rAmAyaNa.txt
Ramayana	sa_vAlmIki-rAmAyaNa-rev-2-3	https://gretil.sub.uni-goettingen.de/gretil/corpustei/transformations/plaintext/sa_vAlmIki-rAmAyaNa-rev-2-3.txt
Ramayana	sa_vAlmIki-rAmAyaNa-southern-2	https://gretil.sub.uni-goettingen.de/gretil/corpustei/transformations/plaintext/sa_vAlmIki-rAmAyaNa-southern-2.txt
Ramayana	sa_agnipurANa	https://gretil.sub.uni-goettingen.de/gretil/corpustei/transformations/plaintext/sa_agnipurANa.txt
Ramayana	sa_bhAgavatapurANa	https://gretil.sub.uni-goettingen.de/gretil/corpustei/transformations/plaintext/sa_bhAgavatapurANa.txt
Ramayana	sa_bhAgavatapurANa-10	https://gretil.sub.uni-goettingen.de/gretil/corpustei/transformations/plaintext/sa_bhAgavatapurANa-10.txt
Ramayana	sa_brahmapurANa-1-246	https://gretil.sub.uni-goettingen.de/gretil/corpustei/transformations/plaintext/sa_brahmapurANa-1-246.txt
Ramayana	sa_brahmANDapurANa	https://gretil.sub.uni-goettingen.de/gretil/corpustei/transformations/plaintext/sa_brahmANDapurANa.txt
Ramayana	sa_devIgItA	https://gretil.sub.uni-goettingen.de/gretil/corpustei/transformations/plaintext/sa_devIgItA.txt
Ramayana	sa_garuDapurANa	https://gretil.sub.uni-goettingen.de/gretil/corpustei/transformations/plaintext/sa_garuDapurANa.txt
Ramayana	sa_kUrmapurANa	https://gretil.sub.uni-goettingen.de/gretil/corpustei/transformations/plaintext/sa_kUrmapurANa.txt
Ramayana	sa_liGgapurANa1-108	https://gretil.sub.uni-goettingen.de/gretil/corpustei/transformations/plaintext/sa_liGgapurANa1-108.txt
Ramayana	sa_liGgapurANa2	https://gretil.sub.uni-goettingen.de/gretil/corpustei/transformations/plaintext/sa_liGgapurANa2.txt
Ramayana	sa_mArkaNDeyapurANa1-93	https://gretil.sub.uni-goettingen.de/gretil/corpustei/transformations/plaintext/sa_mArkaNDeyapurANa1-93.txt
Ramayana	sa_matsyapurANa1-176	https://gretil.sub.uni-goettingen.de/gretil/corpustei/transformations/plaintext/sa_matsyapurANa1-176.txt
Ramayana	sa_nAradapurANa	https://gretil.sub.uni-goettingen.de/gretil/corpustei/transformations/plaintext/sa_nAradapurANa.txt
Ramayana	sa_narasiMhapurANa	https://gretil.sub.uni-goettingen.de/gretil/corpustei/transformations/plaintext/sa_narasiMhapurANa.txt
Ramayana	sa_zivapurANabooks-1-and-7	https://gretil.sub.uni-goettingen.de/gretil/corpustei/transformations/plaintext/sa_zivapurANabooks-1-and-7.txt
Ramayana	sa_skandapurANa1-31	https://gretil.sub.uni-goettingen.de/gretil/corpustei/transformations/plaintext/sa_skandapurANa1-31.txt
Ramayana	sa_skandapurANa-revAkhaNDa-rks	https://gretil.sub.uni-goettingen.de/gretil/corpustei/transformations/plaintext/sa_skandapurANa-revAkhaNDa-rks.txt
Ramayana	sa_vAmanapurANa1-69	https://gretil.sub.uni-goettingen.de/gretil/corpustei/transformations/plaintext/sa_vAmanapurANa1-69.txt
Ramayana	sa_vAmanapurANasaromAhAtmya	https://gretil.sub.uni-goettingen.de/gretil/corpustei/transformations/plaintext/sa_vAmanapurANasaromAhAtmya.txt
Ramayana	sa_revAkhANDa-of-the-vAyupurANa-rkv	https://gretil.sub.uni-goettingen.de/gretil/corpustei/transformations/plaintext/sa_revAkhANDa-of-the-vAyupurANa-rkv.txt
Ramayana	sa_viSNudharmottarapurANa-2	https://gretil.sub.uni-goettingen.de/gretil/corpustei/transformations/plaintext/sa_viSNudharmottarapurANa-2.txt
Ramayana	sa_viSNudharmottarapurANa3	https://gretil.sub.uni-goettingen.de/gretil/corpustei/transformations/plaintext/sa_viSNudharmottarapurANa3.txt
Ramayana	sa_viSNupurANa-crit	https://gretil.sub.uni-goettingen.de/gretil/corpustei/transformations/plaintext/sa_viSNupurANa-crit.txt
Ramayana	sa_viSNupurANa	https://gretil.sub.uni-goettingen.de/gretil/corpustei/transformations/plaintext/sa_viSNupurANa.txt
Vaisnava	sa_aSTAvakragItA	https://gretil.sub.uni-goettingen.de/gretil/corpustei/transformations/plaintext/sa_aSTAvakragItA.txt
Vaisnava	sa_bhRgusaMhitA	https://gretil.sub.uni-goettingen.de/gretil/corpustei/transformations/plaintext/sa_bhRgusaMhitA.txt
Vaisnava	sa_brahmasaMhitA-5-comm	https://gretil.sub.uni-goettingen.de/gretil/corpustei/transformations/plaintext/sa_brahmasaMhitA-5-comm.txt
Vaisnava	sa_bhaktivinoda-harinAmacintAmaNi	https://gretil.sub.uni-goettingen.de/gretil/corpustei/transformations/plaintext/sa_bhaktivinoda-harinAmacintAmaNi.txt
Vaisnava	sa_dhyAnacandragosvAmin-gauragaovindArcanasmaraNapaddhati	https://gretil.sub.uni-goettingen.de/gretil/corpustei/transformations/plaintext/sa_dhyAnacandragosvAmin-gauragaovindArcanasmaraNapaddhati.txt
Vaisnava	sa_dhyAnacandragosvAmin-rAdhAkRSNASTakAlIyalIlAsmaraNakramapaddhati	https://gretil.sub.uni-goettingen.de/gretil/corpustei/transformations/plaintext/sa_dhyAnacandragosvAmin-rAdhAkRSNASTakAlIyalIlAsmaraNakramapaddhati.txt
Vaisnava	sa_gopAlabhaTTa-haribhaktivilAsa-1-11	https://gretil.sub.uni-goettingen.de/gretil/corpustei/transformations/plaintext/sa_gopAlabhaTTa-haribhaktivilAsa-1-11.txt
Vaisnava	sa_jIvagosvAmin-rAdhAkRSNArcanadIpikA	https://gretil.sub.uni-goettingen.de/gretil/corpustei/transformations/plaintext/sa_jIvagosvAmin-rAdhAkRSNArcanadIpikA.txt
Vaisnava	sa_jiva-gosvami-satsamdarbha	https://gretil.sub.uni-goettingen.de/gretil/corpustei/transformations/plaintext/sa_jiva-gosvami-satsamdarbha.txt
Vaisnava	sa_jJAnAmRtasArasaMhitA	https://gretil.sub.uni-goettingen.de/gretil/corpustei/transformations/plaintext/sa_jJAnAmRtasArasaMhitA.txt
Vaisnava	sa_kezavakAzmIri-kramadIpikA	https://gretil.sub.uni-goettingen.de/gretil/corpustei/transformations/plaintext/sa_kezavakAzmIri-kramadIpikA.txt
Vaisnava	sa_kRSNadAsa-bhAvanAsArasaMgraha-1-2	https://gretil.sub.uni-goettingen.de/gretil/corpustei/transformations/plaintext/sa_kRSNadAsa-bhAvanAsArasaMgraha-1-2.txt
Vaisnava	sa_kulazekhara-mukundamAlA	https://gretil.sub.uni-goettingen.de/gretil/corpustei/transformations/plaintext/sa_kulazekhara-mukundamAlA.txt
Vaisnava	sa_mAdhva-kRSNAmRtamahArNava	https://gretil.sub.uni-goettingen.de/gretil/corpustei/transformations/plaintext/sa_mAdhva-kRSNAmRtamahArNava.txt
Vaisnava	sa_pauSkarasaMhitA-27-43	https://gretil.sub.uni-goettingen.de/gretil/corpustei/transformations/plaintext/sa_pauSkarasaMhitA-27-43.txt
Vaisnava	sa_prabodhAnandasarasvatI-caitanyacandrAmRta	https://gretil.sub.uni-goettingen.de/gretil/corpustei/transformations/plaintext/sa_prabodhAnandasarasvatI-caitanyacandrAmRta.txt
Vaisnava	sa_prakAzasaMhitA	https://gretil.sub.uni-goettingen.de/gretil/corpustei/transformations/plaintext/sa_prakAzasaMhitA.txt
Vaisnava	sa_rAdhAkRSNadAsagosvAmin-sAdhanadIpikA	https://gretil.sub.uni-goettingen.de/gretil/corpustei/transformations/plaintext/sa_rAdhAkRSNadAsagosvAmin-sAdhanadIpikA.txt
Vaisnava	sa_raghunAthadAsagosvAmin-muktAcarita	https://gretil.sub.uni-goettingen.de/gretil/corpustei/transformations/plaintext/sa_raghunAthadAsagosvAmin-muktAcarita.txt
Vaisnava	sa_rUpagosvAmin-haribhaktirasAmRtasindhu	https://gretil.sub.uni-goettingen.de/gretil/corpustei/transformations/plaintext/sa_rUpagosvAmin-haribhaktirasAmRtasindhu.txt
Vaisnava	sa_rUpagosvAmin-laghubhAgavatAmRta	https://gretil.sub.uni-goettingen.de/gretil/corpustei/transformations/plaintext/sa_rUpagosvAmin-laghubhAgavatAmRta.txt
Vaisnava	sa_srinivasamakhi-vedantadesika-dazavidhAhetunirUpaNa	https://gretil.sub.uni-goettingen.de/gretil/corpustei/transformations/plaintext/sa_srinivasamakhi-vedantadesika-dazavidhAhetunirUpaNa.txt
Vaisnava	sa_sAtvatatantra	https://gretil.sub.uni-goettingen.de/gretil/corpustei/transformations/plaintext/sa_sAtvatatantra.txt
Vaisnava	sa_vaikhAnasamantraprazna5-8	https://gretil.sub.uni-goettingen.de/gretil/corpustei/transformations/plaintext/sa_vaikhAnasamantraprazna5-8.txt
Vaisnava	sa_viSNudharma	https://gretil.sub.uni-goettingen.de/gretil/corpustei/transformations/plaintext/sa_viSNudharma.txt
Vaisnava	sa_viSvaksenasaMhitA	https://gretil.sub.uni-goettingen.de/gretil/corpustei/transformations/plaintext/sa_viSvaksenasaMhitA.txt
Vaisnava	sa_yAmuna-catuHzlokI	https://gretil.sub.uni-goettingen.de/gretil/corpustei/transformations/plaintext/sa_yAmuna-catuHzlokI.txt
Vaisnava	sa_yAmuna-stotraratna	https://gretil.sub.uni-goettingen.de/gretil/corpustei/transformations/plaintext/sa_yAmuna-stotraratna.txt
Saiva (see also Philosophy / Saiva)	sa_bhaTTanArAyaNa-stavacintAmaNi	https://gretil.sub.uni-goettingen.de/gretil/corpustei/transformations/plaintext/sa_bhaTTanArAyaNa-stavacintAmaNi.txt
Saiva (see also Philosophy / Saiva)	sa_bIjanighaNTu	https://gretil.sub.uni-goettingen.de/gretil/corpustei/transformations/plaintext/sa_bIjanighaNTu.txt
Saiva (see also Philosophy / Saiva)	sa_cakrapANinAtha-bhAvopahArastotra	https://gretil.sub.uni-goettingen.de/gretil/corpustei/transformations/plaintext/sa_cakrapANinAtha-bhAvopahArastotra.txt
Saiva (see also Philosophy / Saiva)	sa_devIkAlottarAgama	https://gretil.sub.uni-goettingen.de/gretil/corpustei/transformations/plaintext/sa_devIkAlottarAgama.txt
Saiva (see also Philosophy / Saiva)	sa_gorakSanAtha-AmaraughazAsana-comm	https://gretil.sub.uni-goettingen.de/gretil/corpustei/transformations/plaintext/sa_gorakSanAtha-AmaraughazAsana-comm.txt
Saiva (see also Philosophy / Saiva)	sa_gorakSanAtha-gorakSazataka	https://gretil.sub.uni-goettingen.de/gretil/corpustei/transformations/plaintext/sa_gorakSanAtha-gorakSazataka.txt
Saiva (see also Philosophy / Saiva)	sa_gorakSazataka-alt	https://gretil.sub.uni-goettingen.de/gretil/corpustei/transformations/plaintext/sa_gorakSazataka-alt.txt
Saiva (see also Philosophy / Saiva)	sa_jJAnazambhu-zivapUjAstava	https://gretil.sub.uni-goettingen.de/gretil/corpustei/transformations/plaintext/sa_jJAnazambhu-zivapUjAstava.txt
Saiva (see also Philosophy / Saiva)	sa_karatoyAmAhAtmya	https://gretil.sub.uni-goettingen.de/gretil/corpustei/transformations/plaintext/sa_karatoyAmAhAtmya.txt
Saiva (see also Philosophy / Saiva)	sa_kalhaNa-ardhanarIzvarastotra	https://gretil.sub.uni-goettingen.de/gretil/corpustei/transformations/plaintext/sa_kalhaNa-ardhanarIzvarastotra.txt
Saiva (see also Philosophy / Saiva)	sa_kiraNatantra1-6	https://gretil.sub.uni-goettingen.de/gretil/corpustei/transformations/plaintext/sa_kiraNatantra1-6.txt
Saiva (see also Philosophy / Saiva)	sa_kubjikamatatantra	https://gretil.sub.uni-goettingen.de/gretil/corpustei/transformations/plaintext/sa_kubjikamatatantra.txt
Saiva (see also Philosophy / Saiva)	sa_mAlinIvijayottaratantra	https://gretil.sub.uni-goettingen.de/gretil/corpustei/transformations/plaintext/sa_mAlinIvijayottaratantra.txt
Saiva (see also Philosophy / Saiva)	sa_mAtRkAbhedatantra	https://gretil.sub.uni-goettingen.de/gretil/corpustei/transformations/plaintext/sa_mAtRkAbhedatantra.txt
Saiva (see also Philosophy / Saiva)	sa_mRgendrAgama	https://gretil.sub.uni-goettingen.de/gretil/corpustei/transformations/plaintext/sa_mRgendrAgama.txt
Saiva (see also Philosophy / Saiva)	sa_mRgendrAgama1	https://gretil.sub.uni-goettingen.de/gretil/corpustei/transformations/plaintext/sa_mRgendrAgama1.txt
Saiva (see also Philosophy / Saiva)	sa_parazurAmakalpasUtra	https://gretil.sub.uni-goettingen.de/gretil/corpustei/transformations/plaintext/sa_parazurAmakalpasUtra.txt
Saiva (see also Philosophy / Saiva)	sa_pAzupatasUtra	https://gretil.sub.uni-goettingen.de/gretil/corpustei/transformations/plaintext/sa_pAzupatasUtra.txt
Saiva (see also Philosophy / Saiva)	sa_pAzupatasUtra-comm	https://gretil.sub.uni-goettingen.de/gretil/corpustei/transformations/plaintext/sa_pAzupatasUtra-comm.txt
Saiva (see also Philosophy / Saiva)	sa_puruSottamadeva-ekAkSarakoza	https://gretil.sub.uni-goettingen.de/gretil/corpustei/transformations/plaintext/sa_puruSottamadeva-ekAkSarakoza.txt
Saiva (see also Philosophy / Saiva)	sa_zaMkara-saundaryalaharI	https://gretil.sub.uni-goettingen.de/gretil/corpustei/transformations/plaintext/sa_zaMkara-saundaryalaharI.txt
Saiva (see also Philosophy / Saiva)	sa_sArdhatrizatikAlottarAgama	https://gretil.sub.uni-goettingen.de/gretil/corpustei/transformations/plaintext/sa_sArdhatrizatikAlottarAgama.txt
Saiva (see also Philosophy / Saiva)	sa_zivamahimnastava	https://gretil.sub.uni-goettingen.de/gretil/corpustei/transformations/plaintext/sa_zivamahimnastava.txt
Saiva (see also Philosophy / Saiva)	sa_zivasUtra-with-vArttika	https://gretil.sub.uni-goettingen.de/gretil/corpustei/transformations/plaintext/sa_zivasUtra-with-vArttika.txt
Saiva (see also Philosophy / Saiva)	sa_zivopaniSad	https://gretil.sub.uni-goettingen.de/gretil/corpustei/transformations/plaintext/sa_zivopaniSad.txt
Saiva (see also Philosophy / Saiva)	sa_somAnanda-zAktavijJAna	https://gretil.sub.uni-goettingen.de/gretil/corpustei/transformations/plaintext/sa_somAnanda-zAktavijJAna.txt
Saiva (see also Philosophy / Saiva)	sa_zrIkaNTha-ratnatrayaparIkSA	https://gretil.sub.uni-goettingen.de/gretil/corpustei/transformations/plaintext/sa_zrIkaNTha-ratnatrayaparIkSA.txt
Saiva (see also Philosophy / Saiva)	sa_svacchandatantra	https://gretil.sub.uni-goettingen.de/gretil/corpustei/transformations/plaintext/sa_svacchandatantra.txt
Saiva (see also Philosophy / Saiva)	sa_toDalatantra	https://gretil.sub.uni-goettingen.de/gretil/corpustei/transformations/plaintext/sa_toDalatantra.txt
Saiva (see also Philosophy / Saiva)	sa_uDDAmarezvaratantra	https://gretil.sub.uni-goettingen.de/gretil/corpustei/transformations/plaintext/sa_uDDAmarezvaratantra.txt
Saiva (see also Philosophy / Saiva)	sa_utpaladeva-zivastotrAvali	https://gretil.sub.uni-goettingen.de/gretil/corpustei/transformations/plaintext/sa_utpaladeva-zivastotrAvali.txt
Saiva (see also Philosophy / Saiva)	sa_vINAzikhatantra	https://gretil.sub.uni-goettingen.de/gretil/corpustei/transformations/plaintext/sa_vINAzikhatantra.txt
Buddhist	sa_abhayAkaragupta-niSpaNNayogAvali	https://gretil.sub.uni-goettingen.de/gretil/corpustei/transformations/plaintext/sa_abhayAkaragupta-niSpaNNayogAvali.txt
Buddhist	sa_abhisamAcArikadharma	https://gretil.sub.uni-goettingen.de/gretil/corpustei/transformations/plaintext/sa_abhisamAcArikadharma.txt
Buddhist	sa_adbhutadharmaparyAya	https://gretil.sub.uni-goettingen.de/gretil/corpustei/transformations/plaintext/sa_adbhutadharmaparyAya.txt
Buddhist	sa_adhikaraNavastu	https://gretil.sub.uni-goettingen.de/gretil/corpustei/transformations/plaintext/sa_adhikaraNavastu.txt
Buddhist	sa_adhyardhazatikA-prajJApAramitA	https://gretil.sub.uni-goettingen.de/gretil/corpustei/transformations/plaintext/sa_adhyardhazatikA-prajJApAramitA.txt
Buddhist	sa_advayazatikA-prajJApAramitA	https://gretil.sub.uni-goettingen.de/gretil/corpustei/transformations/plaintext/sa_advayazatikA-prajJApAramitA.txt
Buddhist	sa_ahorAtravratacaityasevAnuzaMsAvadAna	https://gretil.sub.uni-goettingen.de/gretil/corpustei/transformations/plaintext/sa_ahorAtravratacaityasevAnuzaMsAvadAna.txt
Buddhist	sa_ahoratravratakathA	https://gretil.sub.uni-goettingen.de/gretil/corpustei/transformations/plaintext/sa_ahoratravratakathA.txt
Buddhist	sa_ahoratravratakathA-prose	https://gretil.sub.uni-goettingen.de/gretil/corpustei/transformations/plaintext/sa_ahoratravratakathA-prose.txt
Buddhist	sa_ajitasenavyAkaraNa	https://gretil.sub.uni-goettingen.de/gretil/corpustei/transformations/plaintext/sa_ajitasenavyAkaraNa.txt
Buddhist	sa_ajitasenavyAkaraNa-alt	https://gretil.sub.uni-goettingen.de/gretil/corpustei/transformations/plaintext/sa_ajitasenavyAkaraNa-alt.txt
Buddhist	sa_amoghapAzahRdayasUtra-mz	https://gretil.sub.uni-goettingen.de/gretil/corpustei/transformations/plaintext/sa_amoghapAzahRdayasUtra-mz.txt
Buddhist	sa_amoghapAzahRdayasUtra	https://gretil.sub.uni-goettingen.de/gretil/corpustei/transformations/plaintext/sa_amoghapAzahRdayasUtra.txt
Buddhist	sa_amoghapAzahRdayasUtra-alt	https://gretil.sub.uni-goettingen.de/gretil/corpustei/transformations/plaintext/sa_amoghapAzahRdayasUtra-alt.txt
Buddhist	sa_amRtAkara-catuHstavasamAsArtha	https://gretil.sub.uni-goettingen.de/gretil/corpustei/transformations/plaintext/sa_amRtAkara-catuHstavasamAsArtha.txt
Buddhist	sa_anityatAsUtra	https://gretil.sub.uni-goettingen.de/gretil/corpustei/transformations/plaintext/sa_anityatAsUtra.txt
Buddhist	sa_aparimitAyuHsUtra	https://gretil.sub.uni-goettingen.de/gretil/corpustei/transformations/plaintext/sa_aparimitAyuHsUtra.txt
Buddhist	sa_arthavinizcayasUtra	https://gretil.sub.uni-goettingen.de/gretil/corpustei/transformations/plaintext/sa_arthavinizcayasUtra.txt
Buddhist	sa_caturdharmanirdezasUtra	https://gretil.sub.uni-goettingen.de/gretil/corpustei/transformations/plaintext/sa_caturdharmanirdezasUtra.txt
Buddhist	sa_AryAnityatAsUtra	https://gretil.sub.uni-goettingen.de/gretil/corpustei/transformations/plaintext/sa_AryAnityatAsUtra.txt
Buddhist	sa_AryazUra-jAtakamAlA	https://gretil.sub.uni-goettingen.de/gretil/corpustei/transformations/plaintext/sa_AryazUra-jAtakamAlA.txt
Buddhist	sa_AryazUra-jAtakamAlA-1-15	https://gretil.sub.uni-goettingen.de/gretil/corpustei/transformations/plaintext/sa_AryazUra-jAtakamAlA-1-15.txt
Buddhist	sa_asaGga-mahAyAnasUtrAlaMkAra-comm	https://gretil.sub.uni-goettingen.de/gretil/corpustei/transformations/plaintext/sa_asaGga-mahAyAnasUtrAlaMkAra-comm.txt
Buddhist	sa_asaGga-mahAyAnasUtrAlaMkAra	https://gretil.sub.uni-goettingen.de/gretil/corpustei/transformations/plaintext/sa_asaGga-mahAyAnasUtrAlaMkAra.txt
Buddhist	sa_zrAvakabhUmi	https://gretil.sub.uni-goettingen.de/gretil/corpustei/transformations/plaintext/sa_zrAvakabhUmi.txt
Buddhist	sa_asaGga-zrAvakabhUmi-edshukla	https://gretil.sub.uni-goettingen.de/gretil/corpustei/transformations/plaintext/sa_asaGga-zrAvakabhUmi-edshukla.txt
Buddhist	sa_asaGga-trizatikAyAH-prajJApAramitAyAH-kArikAsaptatiH	https://gretil.sub.uni-goettingen.de/gretil/corpustei/transformations/plaintext/sa_asaGga-trizatikAyAH-prajJApAramitAyAH-kArikAsaptatiH.txt
Buddhist	sa_asaGga-zarIrArthagAthA	https://gretil.sub.uni-goettingen.de/gretil/corpustei/transformations/plaintext/sa_asaGga-zarIrArthagAthA.txt
Buddhist	sa_azokAvadAna	https://gretil.sub.uni-goettingen.de/gretil/corpustei/transformations/plaintext/sa_azokAvadAna.txt
Buddhist	sa_aSTAdazasAhasrikA-prajJApAramitA55-82	https://gretil.sub.uni-goettingen.de/gretil/corpustei/transformations/plaintext/sa_aSTAdazasAhasrikA-prajJApAramitA55-82.txt
Buddhist	sa_aSTasAhasrikA-prajJApAramitA	https://gretil.sub.uni-goettingen.de/gretil/corpustei/transformations/plaintext/sa_aSTasAhasrikA-prajJApAramitA.txt
Buddhist	sa_avadAnazataka	https://gretil.sub.uni-goettingen.de/gretil/corpustei/transformations/plaintext/sa_avadAnazataka.txt
Buddhist	sa_AyuHparyantasUtra	https://gretil.sub.uni-goettingen.de/gretil/corpustei/transformations/plaintext/sa_AyuHparyantasUtra.txt
Buddhist	sa_bhaiSajyaguruvaidUryaprabharAjasUtra	https://gretil.sub.uni-goettingen.de/gretil/corpustei/transformations/plaintext/sa_bhaiSajyaguruvaidUryaprabharAjasUtra.txt
Buddhist	sa_bhaiSajyavastu	https://gretil.sub.uni-goettingen.de/gretil/corpustei/transformations/plaintext/sa_bhaiSajyavastu.txt
Buddhist	sa_bhavasaMkrAntisUtra	https://gretil.sub.uni-goettingen.de/gretil/corpustei/transformations/plaintext/sa_bhavasaMkrAntisUtra.txt
Buddhist	sa_bhikSuNIkarmavAcanA	https://gretil.sub.uni-goettingen.de/gretil/corpustei/transformations/plaintext/sa_bhikSuNIkarmavAcanA.txt
Buddhist	sa_bhikSuNIvinaya	https://gretil.sub.uni-goettingen.de/gretil/corpustei/transformations/plaintext/sa_bhikSuNIvinaya.txt
Buddhist	sa_bodhisattvaprAtimokSasUtra	https://gretil.sub.uni-goettingen.de/gretil/corpustei/transformations/plaintext/sa_bodhisattvaprAtimokSasUtra.txt
Buddhist	sa_buddhabalAdhAnaprAtihAryavikurvANanirdezasUtra	https://gretil.sub.uni-goettingen.de/gretil/corpustei/transformations/plaintext/sa_buddhabalAdhAnaprAtihAryavikurvANanirdezasUtra.txt
Buddhist	sa_buddhaghoSa-siddhArthacaritrakAvya	https://gretil.sub.uni-goettingen.de/gretil/corpustei/transformations/plaintext/sa_buddhaghoSa-siddhArthacaritrakAvya.txt
Buddhist	sa_buddhist-stotras	https://gretil.sub.uni-goettingen.de/gretil/corpustei/transformations/plaintext/sa_buddhist-stotras.txt
Buddhist	sa_108-buddhist-stotras	https://gretil.sub.uni-goettingen.de/gretil/corpustei/transformations/plaintext/sa_108-buddhist-stotras.txt
Buddhist	sa_buddhist-yoga-manual	https://gretil.sub.uni-goettingen.de/gretil/corpustei/transformations/plaintext/sa_buddhist-yoga-manual.txt
Buddhist	sa_candragomin-ziSyalekha	https://gretil.sub.uni-goettingen.de/gretil/corpustei/transformations/plaintext/sa_candragomin-ziSyalekha.txt
Buddhist	sa_candrasUtra	https://gretil.sub.uni-goettingen.de/gretil/corpustei/transformations/plaintext/sa_candrasUtra.txt
Buddhist	sa_carmavastu	https://gretil.sub.uni-goettingen.de/gretil/corpustei/transformations/plaintext/sa_carmavastu.txt
Buddhist	sa_cIvaravastu	https://gretil.sub.uni-goettingen.de/gretil/corpustei/transformations/plaintext/sa_cIvaravastu.txt
Buddhist	sa_dazabalasUtra-1-4	https://gretil.sub.uni-goettingen.de/gretil/corpustei/transformations/plaintext/sa_dazabalasUtra-1-4.txt
Buddhist	sa_dazabhUmikasUtra	https://gretil.sub.uni-goettingen.de/gretil/corpustei/transformations/plaintext/sa_dazabhUmikasUtra.txt
Buddhist	sa_dazasAhasrikA-prajJApAramitA1-and-2-translated-from-tibetan	https://gretil.sub.uni-goettingen.de/gretil/corpustei/transformations/plaintext/sa_dazasAhasrikA-prajJApAramitA1-and-2-translated-from-tibetan.txt
Buddhist	sa_devatAsUtra-and-alpadevatAsUtra	https://gretil.sub.uni-goettingen.de/gretil/corpustei/transformations/plaintext/sa_devatAsUtra-and-alpadevatAsUtra.txt
Buddhist	sa_davuldeNa-jJAnezvara-mahAsthavira-yazodharAcarita	https://gretil.sub.uni-goettingen.de/gretil/corpustei/transformations/plaintext/sa_davuldeNa-jJAnezvara-mahAsthavira-yazodharAcarita.txt
Buddhist	sa_patna-dharmapada	https://gretil.sub.uni-goettingen.de/gretil/corpustei/transformations/plaintext/sa_patna-dharmapada.txt
Buddhist	sa_dharmaskandha	https://gretil.sub.uni-goettingen.de/gretil/corpustei/transformations/plaintext/sa_dharmaskandha.txt
Buddhist	sa_dhvajAgrakeyUrAdhAriNI-alt	https://gretil.sub.uni-goettingen.de/gretil/corpustei/transformations/plaintext/sa_dhvajAgrakeyUrAdhAriNI-alt.txt
Buddhist	sa_dhvajAgrakeyUrAdhAriNI	https://gretil.sub.uni-goettingen.de/gretil/corpustei/transformations/plaintext/sa_dhvajAgrakeyUrAdhAriNI.txt
Buddhist	sa_dhvajAgrasUtra	https://gretil.sub.uni-goettingen.de/gretil/corpustei/transformations/plaintext/sa_dhvajAgrasUtra.txt
Buddhist	sa_dIpaMkarabhadra-guhyasamAjamaNDalavidhi	https://gretil.sub.uni-goettingen.de/gretil/corpustei/transformations/plaintext/sa_dIpaMkarabhadra-guhyasamAjamaNDalavidhi.txt
Buddhist	sa_divyAvadAna	https://gretil.sub.uni-goettingen.de/gretil/corpustei/transformations/plaintext/sa_divyAvadAna.txt
Buddhist	sa_dvAviMzatyavadAnakathA	https://gretil.sub.uni-goettingen.de/gretil/corpustei/transformations/plaintext/sa_dvAviMzatyavadAnakathA.txt
Buddhist	sa_ekAdazamukhahRdaya	https://gretil.sub.uni-goettingen.de/gretil/corpustei/transformations/plaintext/sa_ekAdazamukhahRdaya.txt
Buddhist	sa_ekAdazamukha	https://gretil.sub.uni-goettingen.de/gretil/corpustei/transformations/plaintext/sa_ekAdazamukha.txt
Buddhist	sa_ekottarAgamafragments	https://gretil.sub.uni-goettingen.de/gretil/corpustei/transformations/plaintext/sa_ekottarAgamafragments.txt
Buddhist	sa_gaNapatihRdaydhAraNI	https://gretil.sub.uni-goettingen.de/gretil/corpustei/transformations/plaintext/sa_gaNapatihRdaydhAraNI.txt
Buddhist	sa_gaNDavyUhasUtra	https://gretil.sub.uni-goettingen.de/gretil/corpustei/transformations/plaintext/sa_gaNDavyUhasUtra.txt
Buddhist	sa_gopadatta-jAtakamAlA	https://gretil.sub.uni-goettingen.de/gretil/corpustei/transformations/plaintext/sa_gopadatta-jAtakamAlA.txt
Buddhist	sa_grahamAtRkAdhAraNI	https://gretil.sub.uni-goettingen.de/gretil/corpustei/transformations/plaintext/sa_grahamAtRkAdhAraNI.txt
Buddhist	sa_guNakAraNDavyUhasUtra	https://gretil.sub.uni-goettingen.de/gretil/corpustei/transformations/plaintext/sa_guNakAraNDavyUhasUtra.txt
Buddhist	sa_vinayasUtra	https://gretil.sub.uni-goettingen.de/gretil/corpustei/transformations/plaintext/sa_vinayasUtra.txt
Buddhist	sa_vinayasUtra-1pravrajyAvastu	https://gretil.sub.uni-goettingen.de/gretil/corpustei/transformations/plaintext/sa_vinayasUtra-1pravrajyAvastu.txt
Buddhist	sa_haribhaTTa-jAtakamAlA1-8--11-12--19-20--22--24--26--32--35	https://gretil.sub.uni-goettingen.de/gretil/corpustei/transformations/plaintext/sa_haribhaTTa-jAtakamAlA1-8--11-12--19-20--22--24--26--32--35.txt
Buddhist	sa_hayagrIvavidyA	https://gretil.sub.uni-goettingen.de/gretil/corpustei/transformations/plaintext/sa_hayagrIvavidyA.txt
Buddhist	sa_jayarakSita-sphuTArthA-zrIghanAcArasaMgrahaTIkA	https://gretil.sub.uni-goettingen.de/gretil/corpustei/transformations/plaintext/sa_jayarakSita-sphuTArthA-zrIghanAcArasaMgrahaTIkA.txt
Buddhist	sa_jJAnAlokAlaMkArasUtra	https://gretil.sub.uni-goettingen.de/gretil/corpustei/transformations/plaintext/sa_jJAnAlokAlaMkArasUtra.txt
Buddhist	sa_jJAnayazas-jAtakastava	https://gretil.sub.uni-goettingen.de/gretil/corpustei/transformations/plaintext/sa_jJAnayazas-jAtakastava.txt
Buddhist	sa_kalpadrumAvadAnamAlA	https://gretil.sub.uni-goettingen.de/gretil/corpustei/transformations/plaintext/sa_kalpadrumAvadAnamAlA.txt
Buddhist	sa_kamalazIla-vajracchedikATIkA	https://gretil.sub.uni-goettingen.de/gretil/corpustei/transformations/plaintext/sa_kamalazIla-vajracchedikATIkA.txt
Buddhist	sa_kambalapAda-navazlokI	https://gretil.sub.uni-goettingen.de/gretil/corpustei/transformations/plaintext/sa_kambalapAda-navazlokI.txt
Buddhist	sa_kAraNDavyUha	https://gretil.sub.uni-goettingen.de/gretil/corpustei/transformations/plaintext/sa_kAraNDavyUha.txt
Buddhist	sa_karmavastu	https://gretil.sub.uni-goettingen.de/gretil/corpustei/transformations/plaintext/sa_karmavastu.txt
Buddhist	sa_karmavibhaGgopadeza	https://gretil.sub.uni-goettingen.de/gretil/corpustei/transformations/plaintext/sa_karmavibhaGgopadeza.txt
Buddhist	sa_karuNApuNDarIkasUtra	https://gretil.sub.uni-goettingen.de/gretil/corpustei/transformations/plaintext/sa_karuNApuNDarIkasUtra.txt
Buddhist	sa_kAzyapaparivartasUtra	https://gretil.sub.uni-goettingen.de/gretil/corpustei/transformations/plaintext/sa_kAzyapaparivartasUtra.txt
Buddhist	sa_kAzyapaparivartasUtra-alt	https://gretil.sub.uni-goettingen.de/gretil/corpustei/transformations/plaintext/sa_kAzyapaparivartasUtra-alt.txt
Buddhist	sa_kaThinAvadAna	https://gretil.sub.uni-goettingen.de/gretil/corpustei/transformations/plaintext/sa_kaThinAvadAna.txt
Buddhist	sa_kaThinavastu	https://gretil.sub.uni-goettingen.de/gretil/corpustei/transformations/plaintext/sa_kaThinavastu.txt
Buddhist	sa_kauzikaprajJApAramitAsUtra	https://gretil.sub.uni-goettingen.de/gretil/corpustei/transformations/plaintext/sa_kauzikaprajJApAramitAsUtra.txt
Buddhist	sa_khasarpaNasAdhana	https://gretil.sub.uni-goettingen.de/gretil/corpustei/transformations/plaintext/sa_khasarpaNasAdhana.txt
Buddhist	sa_kozAmbakavastu	https://gretil.sub.uni-goettingen.de/gretil/corpustei/transformations/plaintext/sa_kozAmbakavastu.txt
Buddhist	sa_kSemendra-avadAnakalpalatA	https://gretil.sub.uni-goettingen.de/gretil/corpustei/transformations/plaintext/sa_kSemendra-avadAnakalpalatA.txt
Buddhist	sa_kSemendra-garbhAvakrAntyavadAna	https://gretil.sub.uni-goettingen.de/gretil/corpustei/transformations/plaintext/sa_kSemendra-garbhAvakrAntyavadAna.txt
Buddhist	sa_kSemendra-sudhanakinnaryavadAna	https://gretil.sub.uni-goettingen.de/gretil/corpustei/transformations/plaintext/sa_kSemendra-sudhanakinnaryavadAna.txt
Buddhist	sa_kSemendra-pratItyasamutpAdAvadAna	https://gretil.sub.uni-goettingen.de/gretil/corpustei/transformations/plaintext/sa_kSemendra-pratItyasamutpAdAvadAna.txt
Buddhist	sa_kSemendra-bodhisattvAvadAnakalpalatA-93sumAgadhAvadAna	https://gretil.sub.uni-goettingen.de/gretil/corpustei/transformations/plaintext/sa_kSemendra-bodhisattvAvadAnakalpalatA-93sumAgadhAvadAna.txt
Buddhist	sa_kumAralAta-kalpanAmaNDitikA	https://gretil.sub.uni-goettingen.de/gretil/corpustei/transformations/plaintext/sa_kumAralAta-kalpanAmaNDitikA.txt
Buddhist	sa_lakSmINkarA-advayasiddhi	https://gretil.sub.uni-goettingen.de/gretil/corpustei/transformations/plaintext/sa_lakSmINkarA-advayasiddhi.txt
Buddhist	sa_lalitavistara	https://gretil.sub.uni-goettingen.de/gretil/corpustei/transformations/plaintext/sa_lalitavistara.txt
Buddhist	sa_larger-prajJApAramitA	https://gretil.sub.uni-goettingen.de/gretil/corpustei/transformations/plaintext/sa_larger-prajJApAramitA.txt
Buddhist	sa_larger-prajJApAramitA-edchoong	https://gretil.sub.uni-goettingen.de/gretil/corpustei/transformations/plaintext/sa_larger-prajJApAramitA-edchoong.txt
Buddhist	sa_madhyamakazAlistambasUtra	https://gretil.sub.uni-goettingen.de/gretil/corpustei/transformations/plaintext/sa_madhyamakazAlistambasUtra.txt
Buddhist	sa_mahAkarmavibhaGga	https://gretil.sub.uni-goettingen.de/gretil/corpustei/transformations/plaintext/sa_mahAkarmavibhaGga.txt
Buddhist	sa_mahAmaNivipulavimAnavizvasupratiSThitaguhyaparamarahasyakalparAjadhAraNI	https://gretil.sub.uni-goettingen.de/gretil/corpustei/transformations/plaintext/sa_mahAmaNivipulavimAnavizvasupratiSThitaguhyaparamarahasyakalparAjadhAraNI.txt
Buddhist	sa_mahAmantrAnusAriNI	https://gretil.sub.uni-goettingen.de/gretil/corpustei/transformations/plaintext/sa_mahAmantrAnusAriNI.txt
Buddhist	sa_mahAmAyUrIvidyArAjJI	https://gretil.sub.uni-goettingen.de/gretil/corpustei/transformations/plaintext/sa_mahAmAyUrIvidyArAjJI.txt
Buddhist	sa_mahAparinirvANasUtra	https://gretil.sub.uni-goettingen.de/gretil/corpustei/transformations/plaintext/sa_mahAparinirvANasUtra.txt
Buddhist	sa_mahApratisarAvidyAdhAraNI	https://gretil.sub.uni-goettingen.de/gretil/corpustei/transformations/plaintext/sa_mahApratisarAvidyAdhAraNI.txt
Buddhist	sa_mahApratisarA-paJcarakSA	https://gretil.sub.uni-goettingen.de/gretil/corpustei/transformations/plaintext/sa_mahApratisarA-paJcarakSA.txt
Buddhist	sa_mahApratisarAmahAvidyArAjJI	https://gretil.sub.uni-goettingen.de/gretil/corpustei/transformations/plaintext/sa_mahApratisarAmahAvidyArAjJI.txt
Buddhist	sa_mahApratisarAvidyAvidhi	https://gretil.sub.uni-goettingen.de/gretil/corpustei/transformations/plaintext/sa_mahApratisarAvidyAvidhi.txt
Buddhist	sa_mahAsAhasrapramardanI	https://gretil.sub.uni-goettingen.de/gretil/corpustei/transformations/plaintext/sa_mahAsAhasrapramardanI.txt
Buddhist	sa_mahAsaMnipAtaratnaketudhAraNIsUtra	https://gretil.sub.uni-goettingen.de/gretil/corpustei/transformations/plaintext/sa_mahAsaMnipAtaratnaketudhAraNIsUtra.txt
Buddhist	sa_mahAsaMnipAtaratnaketudhAraNIsUtra1-610-11	https://gretil.sub.uni-goettingen.de/gretil/corpustei/transformations/plaintext/sa_mahAsaMnipAtaratnaketudhAraNIsUtra1-610-11.txt
Buddhist	sa_mahAzItavatI-vidyArAjJI	https://gretil.sub.uni-goettingen.de/gretil/corpustei/transformations/plaintext/sa_mahAzItavatI-vidyArAjJI.txt
Buddhist	sa_mahAdaNDadhAraNIzItavatI	https://gretil.sub.uni-goettingen.de/gretil/corpustei/transformations/plaintext/sa_mahAdaNDadhAraNIzItavatI.txt
Buddhist	sa_mahAsudarzanAvadAna	https://gretil.sub.uni-goettingen.de/gretil/corpustei/transformations/plaintext/sa_mahAsudarzanAvadAna.txt
Buddhist	sa_mahAvadAnasUtra	https://gretil.sub.uni-goettingen.de/gretil/corpustei/transformations/plaintext/sa_mahAvadAnasUtra.txt
Buddhist	sa_mahAvastu-avAdana	https://gretil.sub.uni-goettingen.de/gretil/corpustei/transformations/plaintext/sa_mahAvastu-avAdana.txt
Buddhist	sa_maitreyanAtha-abhisamayAlaMkaranAmaprajJApAramitopadezazAstra	https://gretil.sub.uni-goettingen.de/gretil/corpustei/transformations/plaintext/sa_maitreyanAtha-abhisamayAlaMkaranAmaprajJApAramitopadezazAstra.txt
Buddhist	sa_maitreyavyAkaraNa	https://gretil.sub.uni-goettingen.de/gretil/corpustei/transformations/plaintext/sa_maitreyavyAkaraNa.txt
Buddhist	sa_maitreyavyAkaraNa-alt	https://gretil.sub.uni-goettingen.de/gretil/corpustei/transformations/plaintext/sa_maitreyavyAkaraNa-alt.txt
Buddhist	sa_maJjuzrImUlakalpa	https://gretil.sub.uni-goettingen.de/gretil/corpustei/transformations/plaintext/sa_maJjuzrImUlakalpa.txt
Buddhist	sa_maJjuzrInAmasaMgIti	https://gretil.sub.uni-goettingen.de/gretil/corpustei/transformations/plaintext/sa_maJjuzrInAmasaMgIti.txt
Buddhist	sa_maJjuzrInAmasaMgIti-alt	https://gretil.sub.uni-goettingen.de/gretil/corpustei/transformations/plaintext/sa_maJjuzrInAmasaMgIti-alt.txt
Buddhist	sa_mArIcInAmadhAraNI	https://gretil.sub.uni-goettingen.de/gretil/corpustei/transformations/plaintext/sa_mArIcInAmadhAraNI.txt
Buddhist	sa_mAtRceTa-zatapaJcAzatka	https://gretil.sub.uni-goettingen.de/gretil/corpustei/transformations/plaintext/sa_mAtRceTa-zatapaJcAzatka.txt
Buddhist	sa_mekhalAdhAraNI	https://gretil.sub.uni-goettingen.de/gretil/corpustei/transformations/plaintext/sa_mekhalAdhAraNI.txt
Buddhist	sa_mRtyuvaJcanasitatArAsAdhana	https://gretil.sub.uni-goettingen.de/gretil/corpustei/transformations/plaintext/sa_mRtyuvaJcanasitatArAsAdhana.txt
Buddhist	sa_mRtyuvaJcanatArAsAdhana	https://gretil.sub.uni-goettingen.de/gretil/corpustei/transformations/plaintext/sa_mRtyuvaJcanatArAsAdhana.txt
Buddhist	sa_mRtyuvaJcanopadezatArAsAdhana	https://gretil.sub.uni-goettingen.de/gretil/corpustei/transformations/plaintext/sa_mRtyuvaJcanopadezatArAsAdhana.txt
Buddhist	sa_nagaropamasUtra	https://gretil.sub.uni-goettingen.de/gretil/corpustei/transformations/plaintext/sa_nagaropamasUtra.txt
Buddhist	sa_nagnajit-citralakSaNam	https://gretil.sub.uni-goettingen.de/gretil/corpustei/transformations/plaintext/sa_nagnajit-citralakSaNam.txt
Buddhist	sa_nairAtmyaparipRcchAmahAyAnasUtra	https://gretil.sub.uni-goettingen.de/gretil/corpustei/transformations/plaintext/sa_nairAtmyaparipRcchAmahAyAnasUtra.txt
Buddhist	sa_namaskAraikaviMzatistotra	https://gretil.sub.uni-goettingen.de/gretil/corpustei/transformations/plaintext/sa_namaskAraikaviMzatistotra.txt
Buddhist	sa_nidAnasaMyukta	https://gretil.sub.uni-goettingen.de/gretil/corpustei/transformations/plaintext/sa_nidAnasaMyukta.txt
Buddhist	sa_nityakarmapUjAvidhi	https://gretil.sub.uni-goettingen.de/gretil/corpustei/transformations/plaintext/sa_nityakarmapUjAvidhi.txt
Buddhist	sa_pAMzupradAna-avadAna	https://gretil.sub.uni-goettingen.de/gretil/corpustei/transformations/plaintext/sa_pAMzupradAna-avadAna.txt
Buddhist	sa_paJcaviMzatisAhasrikA-prajJApAramitA1	https://gretil.sub.uni-goettingen.de/gretil/corpustei/transformations/plaintext/sa_paJcaviMzatisAhasrikA-prajJApAramitA1.txt
Buddhist	sa_paJcaviMzatisAhasrikA-prajJApAramitA1-8	https://gretil.sub.uni-goettingen.de/gretil/corpustei/transformations/plaintext/sa_paJcaviMzatisAhasrikA-prajJApAramitA1-8.txt
Buddhist	sa_paJcaviMzatisAhasrikA-prajJApAramitA	https://gretil.sub.uni-goettingen.de/gretil/corpustei/transformations/plaintext/sa_paJcaviMzatisAhasrikA-prajJApAramitA.txt
Buddhist	sa_pANDulohitakavastu	https://gretil.sub.uni-goettingen.de/gretil/corpustei/transformations/plaintext/sa_pANDulohitakavastu.txt
Buddhist	sa_pArivAsikavastu	https://gretil.sub.uni-goettingen.de/gretil/corpustei/transformations/plaintext/sa_pArivAsikavastu.txt
Buddhist	sa_poSadhasthApanavastu	https://gretil.sub.uni-goettingen.de/gretil/corpustei/transformations/plaintext/sa_poSadhasthApanavastu.txt
Buddhist	sa_poSadhavastu	https://gretil.sub.uni-goettingen.de/gretil/corpustei/transformations/plaintext/sa_poSadhavastu.txt
Buddhist	sa_prajJApAramitAhRdayasUtra	https://gretil.sub.uni-goettingen.de/gretil/corpustei/transformations/plaintext/sa_prajJApAramitAhRdayasUtra.txt
Buddhist	sa_prajJApAramitAhRdayasUtrasaMkSiptamAtRkA	https://gretil.sub.uni-goettingen.de/gretil/corpustei/transformations/plaintext/sa_prajJApAramitAhRdayasUtrasaMkSiptamAtRkA.txt
Buddhist	sa_prajJApAramitAhRdayasUtravistaramAtRkA	https://gretil.sub.uni-goettingen.de/gretil/corpustei/transformations/plaintext/sa_prajJApAramitAhRdayasUtravistaramAtRkA.txt
Buddhist	sa_fragments-of-prajJApAramitA-texts	https://gretil.sub.uni-goettingen.de/gretil/corpustei/transformations/plaintext/sa_fragments-of-prajJApAramitA-texts.txt
Buddhist	sa_prAtimokSasUtra-of-the-sarvAstivAdins	https://gretil.sub.uni-goettingen.de/gretil/corpustei/transformations/plaintext/sa_prAtimokSasUtra-of-the-sarvAstivAdins.txt
Buddhist	sa_prAtimokSasUtra-of-the-lokottaravAdimahAsaGghika	https://gretil.sub.uni-goettingen.de/gretil/corpustei/transformations/plaintext/sa_prAtimokSasUtra-of-the-lokottaravAdimahAsaGghika.txt
Buddhist	sa_prAtimokSasUtra-of-the-mahAsAMghikas	https://gretil.sub.uni-goettingen.de/gretil/corpustei/transformations/plaintext/sa_prAtimokSasUtra-of-the-mahAsAMghikas.txt
Buddhist	sa_prAtimokSasUtra-of-the-mUlasarvAstivAdins	https://gretil.sub.uni-goettingen.de/gretil/corpustei/transformations/plaintext/sa_prAtimokSasUtra-of-the-mUlasarvAstivAdins.txt
Buddhist	sa_prAtimokSasUtrafragments	https://gretil.sub.uni-goettingen.de/gretil/corpustei/transformations/plaintext/sa_prAtimokSasUtrafragments.txt
Buddhist	sa_pratisarAkalpadhAraNI	https://gretil.sub.uni-goettingen.de/gretil/corpustei/transformations/plaintext/sa_pratisarAkalpadhAraNI.txt
Buddhist	sa_pratItyasamutpAdavibhaGgasUtra	https://gretil.sub.uni-goettingen.de/gretil/corpustei/transformations/plaintext/sa_pratItyasamutpAdavibhaGgasUtra.txt
Buddhist	sa_pratItyasamutpAdAdivibhaGganirdezasUtra	https://gretil.sub.uni-goettingen.de/gretil/corpustei/transformations/plaintext/sa_pratItyasamutpAdAdivibhaGganirdezasUtra.txt
Buddhist	sa_pratItyasamutpAdamahAyAnasUtra	https://gretil.sub.uni-goettingen.de/gretil/corpustei/transformations/plaintext/sa_pratItyasamutpAdamahAyAnasUtra.txt
Buddhist	sa_pravAraNAvastu	https://gretil.sub.uni-goettingen.de/gretil/corpustei/transformations/plaintext/sa_pravAraNAvastu.txt
Buddhist	sa_pravrajyAvastu	https://gretil.sub.uni-goettingen.de/gretil/corpustei/transformations/plaintext/sa_pravrajyAvastu.txt
Buddhist	sa_pudgalavastu	https://gretil.sub.uni-goettingen.de/gretil/corpustei/transformations/plaintext/sa_pudgalavastu.txt
Buddhist	sa_rAhulabhadra-prajJApAramitAstotra	https://gretil.sub.uni-goettingen.de/gretil/corpustei/transformations/plaintext/sa_rAhulabhadra-prajJApAramitAstotra.txt
Buddhist	sa_rASTrapAlaparipRcchA	https://gretil.sub.uni-goettingen.de/gretil/corpustei/transformations/plaintext/sa_rASTrapAlaparipRcchA.txt
Buddhist	sa_rASTrapAlasUtra	https://gretil.sub.uni-goettingen.de/gretil/corpustei/transformations/plaintext/sa_rASTrapAlasUtra.txt
Buddhist	sa_ratnaguNasaMcayagAthA	https://gretil.sub.uni-goettingen.de/gretil/corpustei/transformations/plaintext/sa_ratnaguNasaMcayagAthA.txt
Buddhist	sa_ratnAkarazAnti-bhramaharanAma-hevajrasAdhana	https://gretil.sub.uni-goettingen.de/gretil/corpustei/transformations/plaintext/sa_ratnAkarazAnti-bhramaharanAma-hevajrasAdhana.txt
Buddhist	sa_ratnAkarazAnti-sAratama	https://gretil.sub.uni-goettingen.de/gretil/corpustei/transformations/plaintext/sa_ratnAkarazAnti-sAratama.txt
Buddhist	sa_ratnamAlAvadAna	https://gretil.sub.uni-goettingen.de/gretil/corpustei/transformations/plaintext/sa_ratnamAlAvadAna.txt
Buddhist	sa_sabhikasaugatazAsanapravrajyAvratacaraNaparivarta	https://gretil.sub.uni-goettingen.de/gretil/corpustei/transformations/plaintext/sa_sabhikasaugatazAsanapravrajyAvratacaraNaparivarta.txt
Buddhist	sa_saddharmalaGkAvatArasUtra	https://gretil.sub.uni-goettingen.de/gretil/corpustei/transformations/plaintext/sa_saddharmalaGkAvatArasUtra.txt
Buddhist	sa_saddharmapuNDarIkasUtra	https://gretil.sub.uni-goettingen.de/gretil/corpustei/transformations/plaintext/sa_saddharmapuNDarIkasUtra.txt
Buddhist	sa_sAgaranAgarAjaparipRcchAmahAyAnasUtra	https://gretil.sub.uni-goettingen.de/gretil/corpustei/transformations/plaintext/sa_sAgaranAgarAjaparipRcchAmahAyAnasUtra.txt
Buddhist	sa_zAlistambasUtra	https://gretil.sub.uni-goettingen.de/gretil/corpustei/transformations/plaintext/sa_zAlistambasUtra.txt
Buddhist	sa_samAdhirAjasUtra	https://gretil.sub.uni-goettingen.de/gretil/corpustei/transformations/plaintext/sa_samAdhirAjasUtra.txt
Buddhist	sa_samAdhirAjasUtratransliteration-1-111315-22	https://gretil.sub.uni-goettingen.de/gretil/corpustei/transformations/plaintext/sa_samAdhirAjasUtratransliteration-1-111315-22.txt
Buddhist	sa_saMghATasUtra	https://gretil.sub.uni-goettingen.de/gretil/corpustei/transformations/plaintext/sa_saMghATasUtra.txt
Buddhist	sa_saMghATasUtra-alt	https://gretil.sub.uni-goettingen.de/gretil/corpustei/transformations/plaintext/sa_saMghATasUtra-alt.txt
Buddhist	sa_samyaksaMbuddhabhASitaM-pratimAlakSaNam	https://gretil.sub.uni-goettingen.de/gretil/corpustei/transformations/plaintext/sa_samyaksaMbuddhabhASitaM-pratimAlakSaNam.txt
Buddhist	sa_saMyuktAgama-966-972-according-to-the-chinese-canon	https://gretil.sub.uni-goettingen.de/gretil/corpustei/transformations/plaintext/sa_saMyuktAgama-966-972-according-to-the-chinese-canon.txt
Buddhist	sa_saGghabhedavastu	https://gretil.sub.uni-goettingen.de/gretil/corpustei/transformations/plaintext/sa_saGghabhedavastu.txt
Buddhist	sa_saptazatikA-prajJApAramitA	https://gretil.sub.uni-goettingen.de/gretil/corpustei/transformations/plaintext/sa_saptazatikA-prajJApAramitA.txt
Buddhist	sa_zArdUlakarNAvadAna	https://gretil.sub.uni-goettingen.de/gretil/corpustei/transformations/plaintext/sa_zArdUlakarNAvadAna.txt
Buddhist	sa_sarvadurgatiparizodhanatantra	https://gretil.sub.uni-goettingen.de/gretil/corpustei/transformations/plaintext/sa_sarvadurgatiparizodhanatantra.txt
Buddhist	sa_sarvajJatAkAradhAraNI	https://gretil.sub.uni-goettingen.de/gretil/corpustei/transformations/plaintext/sa_sarvajJatAkAradhAraNI.txt
Buddhist	sa_sarvatathAgatAdhiSThAnavyUhasUtra	https://gretil.sub.uni-goettingen.de/gretil/corpustei/transformations/plaintext/sa_sarvatathAgatAdhiSThAnavyUhasUtra.txt
Buddhist	sa_sarvatathAgatatattvasaMgraha	https://gretil.sub.uni-goettingen.de/gretil/corpustei/transformations/plaintext/sa_sarvatathAgatatattvasaMgraha.txt
Buddhist	sa_sitAtapatrA	https://gretil.sub.uni-goettingen.de/gretil/corpustei/transformations/plaintext/sa_sitAtapatrA.txt
Buddhist	sa_zatasAhasrikAprajJApAramitA-1	https://gretil.sub.uni-goettingen.de/gretil/corpustei/transformations/plaintext/sa_zatasAhasrikAprajJApAramitA-1.txt
Buddhist	sa_zatasAhasrikA-prajJApAramitA-2	https://gretil.sub.uni-goettingen.de/gretil/corpustei/transformations/plaintext/sa_zatasAhasrikA-prajJApAramitA-2.txt
Buddhist	sa_satyasUtra	https://gretil.sub.uni-goettingen.de/gretil/corpustei/transformations/plaintext/sa_satyasUtra.txt
Buddhist	sa_zayanAsanavastu	https://gretil.sub.uni-goettingen.de/gretil/corpustei/transformations/plaintext/sa_zayanAsanavastu.txt
Buddhist	sa_zrIghanAcArasaMgraha	https://gretil.sub.uni-goettingen.de/gretil/corpustei/transformations/plaintext/sa_zrIghanAcArasaMgraha.txt
Buddhist	sa_zrImahAdevIvyAkaraNa	https://gretil.sub.uni-goettingen.de/gretil/corpustei/transformations/plaintext/sa_zrImahAdevIvyAkaraNa.txt
Buddhist	sa_stUpalakSaNakArikAvivecana	https://gretil.sub.uni-goettingen.de/gretil/corpustei/transformations/plaintext/sa_stUpalakSaNakArikAvivecana.txt
Buddhist	sa_subhASitaratnakaraNDakathA	https://gretil.sub.uni-goettingen.de/gretil/corpustei/transformations/plaintext/sa_subhASitaratnakaraNDakathA.txt
Buddhist	sa_smaller-sukhAvatIvyUha	https://gretil.sub.uni-goettingen.de/gretil/corpustei/transformations/plaintext/sa_smaller-sukhAvatIvyUha.txt
Buddhist	sa_sukhAvatIvyUha	https://gretil.sub.uni-goettingen.de/gretil/corpustei/transformations/plaintext/sa_sukhAvatIvyUha.txt
Buddhist	sa_sukhAvatIvyUhasaMkSiptamAtRkA	https://gretil.sub.uni-goettingen.de/gretil/corpustei/transformations/plaintext/sa_sukhAvatIvyUhasaMkSiptamAtRkA.txt
Buddhist	sa_sukhAvatIvyUhavistaramAtRkA	https://gretil.sub.uni-goettingen.de/gretil/corpustei/transformations/plaintext/sa_sukhAvatIvyUhavistaramAtRkA.txt
Buddhist	sa_sumAgadhAvadAna	https://gretil.sub.uni-goettingen.de/gretil/corpustei/transformations/plaintext/sa_sumAgadhAvadAna.txt
Buddhist	sa_suvarNaprabhAsasUtra	https://gretil.sub.uni-goettingen.de/gretil/corpustei/transformations/plaintext/sa_suvarNaprabhAsasUtra.txt
Buddhist	sa_suvarNavarNAvadAna	https://gretil.sub.uni-goettingen.de/gretil/corpustei/transformations/plaintext/sa_suvarNavarNAvadAna.txt
Buddhist	sa_suvikrAntavikrAmiparipRcchA	https://gretil.sub.uni-goettingen.de/gretil/corpustei/transformations/plaintext/sa_suvikrAntavikrAmiparipRcchA.txt
Buddhist	sa_svAgatasUtra	https://gretil.sub.uni-goettingen.de/gretil/corpustei/transformations/plaintext/sa_svAgatasUtra.txt
Buddhist	sa_svalpAkSarA-prajJApAramitA	https://gretil.sub.uni-goettingen.de/gretil/corpustei/transformations/plaintext/sa_svalpAkSarA-prajJApAramitA.txt
Buddhist	sa_svayaMbhupurANa	https://gretil.sub.uni-goettingen.de/gretil/corpustei/transformations/plaintext/sa_svayaMbhupurANa.txt
Buddhist	sa_tArAbhaTTArikAnAmASTottarazatakastotra	https://gretil.sub.uni-goettingen.de/gretil/corpustei/transformations/plaintext/sa_tArAbhaTTArikAnAmASTottarazatakastotra.txt
Buddhist	sa_tArAsragdharAstotra	https://gretil.sub.uni-goettingen.de/gretil/corpustei/transformations/plaintext/sa_tArAsragdharAstotra.txt
Buddhist	sa_tathAgatabimbakArApaNasUtra	https://gretil.sub.uni-goettingen.de/gretil/corpustei/transformations/plaintext/sa_tathAgatabimbakArApaNasUtra.txt
Buddhist	sa_triskandhasUtra	https://gretil.sub.uni-goettingen.de/gretil/corpustei/transformations/plaintext/sa_triskandhasUtra.txt
Buddhist	sa_udAnavarga	https://gretil.sub.uni-goettingen.de/gretil/corpustei/transformations/plaintext/sa_udAnavarga.txt
Buddhist	sa_upasaMpadAjJapti	https://gretil.sub.uni-goettingen.de/gretil/corpustei/transformations/plaintext/sa_upasaMpadAjJapti.txt
Buddhist	sa_vAgIzvarakIrti-mRtyuvaJcanopadeza	https://gretil.sub.uni-goettingen.de/gretil/corpustei/transformations/plaintext/sa_vAgIzvarakIrti-mRtyuvaJcanopadeza.txt
Buddhist	sa_vajracchedikA-prajJApAramitA	https://gretil.sub.uni-goettingen.de/gretil/corpustei/transformations/plaintext/sa_vajracchedikA-prajJApAramitA.txt
Buddhist	sa_vajracchedikA-prajJApAramitA-frag	https://gretil.sub.uni-goettingen.de/gretil/corpustei/transformations/plaintext/sa_vajracchedikA-prajJApAramitA-frag.txt
Buddhist	sa_vajracchedikA-prajJApAramitA-gilgit	https://gretil.sub.uni-goettingen.de/gretil/corpustei/transformations/plaintext/sa_vajracchedikA-prajJApAramitA-gilgit.txt
Buddhist	sa_vajravidAraNAdhAraNI	https://gretil.sub.uni-goettingen.de/gretil/corpustei/transformations/plaintext/sa_vajravidAraNAdhAraNI.txt
Buddhist	sa_vajravidAraNIdhAraNI	https://gretil.sub.uni-goettingen.de/gretil/corpustei/transformations/plaintext/sa_vajravidAraNIdhAraNI.txt
Buddhist	sa_varSAvastu	https://gretil.sub.uni-goettingen.de/gretil/corpustei/transformations/plaintext/sa_varSAvastu.txt
Buddhist	sa_vasudhArAdhAraNI	https://gretil.sub.uni-goettingen.de/gretil/corpustei/transformations/plaintext/sa_vasudhArAdhAraNI.txt
Buddhist	sa_vasudhArAdhAraNI-gilgit	https://gretil.sub.uni-goettingen.de/gretil/corpustei/transformations/plaintext/sa_vasudhArAdhAraNI-gilgit.txt
Buddhist	sa_vasudhArAdhAraNI-alt	https://gretil.sub.uni-goettingen.de/gretil/corpustei/transformations/plaintext/sa_vasudhArAdhAraNI-alt.txt
Buddhist	sa_vidyAsthAnopamasUtra	https://gretil.sub.uni-goettingen.de/gretil/corpustei/transformations/plaintext/sa_vidyAsthAnopamasUtra.txt
Buddhist	sa_vimalakIrtinirdeza	https://gretil.sub.uni-goettingen.de/gretil/corpustei/transformations/plaintext/sa_vimalakIrtinirdeza.txt
Buddhist	sa_vimalakIrtinirdezasUtra	https://gretil.sub.uni-goettingen.de/gretil/corpustei/transformations/plaintext/sa_vimalakIrtinirdezasUtra.txt
Buddhist	sa_vinayavinizcayaupAliparipRcchA	https://gretil.sub.uni-goettingen.de/gretil/corpustei/transformations/plaintext/sa_vinayavinizcayaupAliparipRcchA.txt
Buddhist	sa_vizvantarAvadAna	https://gretil.sub.uni-goettingen.de/gretil/corpustei/transformations/plaintext/sa_vizvantarAvadAna.txt
Jaina	sa_haribhadrasUri-zAstravArttAsamuccaya	https://gretil.sub.uni-goettingen.de/gretil/corpustei/transformations/plaintext/sa_haribhadrasUri-zAstravArttAsamuccaya.txt
Alamkara	sa_Anandavardhana-dhvanyAloka	https://gretil.sub.uni-goettingen.de/gretil/corpustei/transformations/plaintext/sa_Anandavardhana-dhvanyAloka.txt
Alamkara	sa_Anandavardhana-dhvanyAloka-comm	https://gretil.sub.uni-goettingen.de/gretil/corpustei/transformations/plaintext/sa_Anandavardhana-dhvanyAloka-comm.txt
Alamkara	sa_bhAmaha-kAvyAlaMkAra	https://gretil.sub.uni-goettingen.de/gretil/corpustei/transformations/plaintext/sa_bhAmaha-kAvyAlaMkAra.txt
Alamkara	sa_daNDin-kAvyAdarza-1-2	https://gretil.sub.uni-goettingen.de/gretil/corpustei/transformations/plaintext/sa_daNDin-kAvyAdarza-1-2.txt
Alamkara	sa_daNDin-kAvyAdarza1--2.1-144--2.310-368	https://gretil.sub.uni-goettingen.de/gretil/corpustei/transformations/plaintext/sa_daNDin-kAvyAdarza1--2.1-144--2.310-368.txt
Alamkara	sa_daNDin-kAvyAdarza-3	https://gretil.sub.uni-goettingen.de/gretil/corpustei/transformations/plaintext/sa_daNDin-kAvyAdarza-3.txt
Alamkara	sa_jagannAthapaNDitarAja-rasagaGgAdhara-1	https://gretil.sub.uni-goettingen.de/gretil/corpustei/transformations/plaintext/sa_jagannAthapaNDitarAja-rasagaGgAdhara-1.txt
Alamkara	sa_jayadeva-candrAloka	https://gretil.sub.uni-goettingen.de/gretil/corpustei/transformations/plaintext/sa_jayadeva-candrAloka.txt
Alamkara	sa_kuntaka-vakroktijIvita-comm	https://gretil.sub.uni-goettingen.de/gretil/corpustei/transformations/plaintext/sa_kuntaka-vakroktijIvita-comm.txt
Alamkara	sa_mammaTa-kAvyaprakAza	https://gretil.sub.uni-goettingen.de/gretil/corpustei/transformations/plaintext/sa_mammaTa-kAvyaprakAza.txt
Alamkara	sa_mammaTa-kAvyaprakAza-comm	https://gretil.sub.uni-goettingen.de/gretil/corpustei/transformations/plaintext/sa_mammaTa-kAvyaprakAza-comm.txt
Alamkara	sa_mammaTa-zabdavyApAravicAra	https://gretil.sub.uni-goettingen.de/gretil/corpustei/transformations/plaintext/sa_mammaTa-zabdavyApAravicAra.txt
Alamkara	sa_rAjazekhara-kAvyamImAMsA-1	https://gretil.sub.uni-goettingen.de/gretil/corpustei/transformations/plaintext/sa_rAjazekhara-kAvyamImAMsA-1.txt
Alamkara	sa_rUpagosvAmin-nATakacandrikA	https://gretil.sub.uni-goettingen.de/gretil/corpustei/transformations/plaintext/sa_rUpagosvAmin-nATakacandrikA.txt
Alamkara	sa_rUpagosvAmin-ujjvalanIlamaNi	https://gretil.sub.uni-goettingen.de/gretil/corpustei/transformations/plaintext/sa_rUpagosvAmin-ujjvalanIlamaNi.txt
Alamkara	sa_ruyyaka-alaMkArasarvasva-1-34	https://gretil.sub.uni-goettingen.de/gretil/corpustei/transformations/plaintext/sa_ruyyaka-alaMkArasarvasva-1-34.txt
Alamkara	sa_ruyyaka-alaMkArasarvasva-1-34-comm	https://gretil.sub.uni-goettingen.de/gretil/corpustei/transformations/plaintext/sa_ruyyaka-alaMkArasarvasva-1-34-comm.txt
Alamkara	sa_ruyyaka-alaMkArasarvasva	https://gretil.sub.uni-goettingen.de/gretil/corpustei/transformations/plaintext/sa_ruyyaka-alaMkArasarvasva.txt
Alamkara	sa_ruyyaka-vyaktivivekavyAkhyA-2	https://gretil.sub.uni-goettingen.de/gretil/corpustei/transformations/plaintext/sa_ruyyaka-vyaktivivekavyAkhyA-2.txt
Alamkara	sa_siMhabhUpAla-rasArNavasudhAkara	https://gretil.sub.uni-goettingen.de/gretil/corpustei/transformations/plaintext/sa_siMhabhUpAla-rasArNavasudhAkara.txt
Alamkara	sa_udbhaTa-kAvyAlaMkArasArasaMgraha	https://gretil.sub.uni-goettingen.de/gretil/corpustei/transformations/plaintext/sa_udbhaTa-kAvyAlaMkArasArasaMgraha.txt
Alamkara	sa_vAmana-kAvyAlaMkArasUtra-alt	https://gretil.sub.uni-goettingen.de/gretil/corpustei/transformations/plaintext/sa_vAmana-kAvyAlaMkArasUtra-alt.txt
Alamkara	sa_vAmana-kAvyAlaMkArasUtra	https://gretil.sub.uni-goettingen.de/gretil/corpustei/transformations/plaintext/sa_vAmana-kAvyAlaMkArasUtra.txt
Alamkara	sa_vidyAnAtha-pratAparudrIya	https://gretil.sub.uni-goettingen.de/gretil/corpustei/transformations/plaintext/sa_vidyAnAtha-pratAparudrIya.txt
Alamkara	sa_vizvanAthakavirAja-sAhityadarpaNa	https://gretil.sub.uni-goettingen.de/gretil/corpustei/transformations/plaintext/sa_vizvanAthakavirAja-sAhityadarpaNa.txt
Alamkara	sa_vizvanAthakavirAja-sAhityadarpaNa-comm	https://gretil.sub.uni-goettingen.de/gretil/corpustei/transformations/plaintext/sa_vizvanAthakavirAja-sAhityadarpaNa-comm.txt
Alamkara	sa_vizvezvarakavicandra-camatkAracandrikA	https://gretil.sub.uni-goettingen.de/gretil/corpustei/transformations/plaintext/sa_vizvezvarakavicandra-camatkAracandrikA.txt
Natya	sa_bharata-nATyazAstra-1-1618-303335-37	https://gretil.sub.uni-goettingen.de/gretil/corpustei/transformations/plaintext/sa_bharata-nATyazAstra-1-1618-303335-37.txt
Natya	sa_dhanaMjaya-dazarUpaka-1-4	https://gretil.sub.uni-goettingen.de/gretil/corpustei/transformations/plaintext/sa_dhanaMjaya-dazarUpaka-1-4.txt
Chandas (prosody)	sa_chandoviciti	https://gretil.sub.uni-goettingen.de/gretil/corpustei/transformations/plaintext/sa_chandoviciti.txt
Chandas (prosody)	sa_jJAnazrImitra-vRttamAlAstuti	https://gretil.sub.uni-goettingen.de/gretil/corpustei/transformations/plaintext/sa_jJAnazrImitra-vRttamAlAstuti.txt
Chandas (prosody)	sa_kedArabhaTTa-vRttaratnAkara	https://gretil.sub.uni-goettingen.de/gretil/corpustei/transformations/plaintext/sa_kedArabhaTTa-vRttaratnAkara.txt
Chandas (prosody)	sa_kedArabhaTTa-vRttaratnAkara-comm	https://gretil.sub.uni-goettingen.de/gretil/corpustei/transformations/plaintext/sa_kedArabhaTTa-vRttaratnAkara-comm.txt
Kavya	sa_abhinanda-kAdambarIkathAsAra	https://gretil.sub.uni-goettingen.de/gretil/corpustei/transformations/plaintext/sa_abhinanda-kAdambarIkathAsAra.txt
Kavya	sa_abhinanda-rAmacaritamahAkAvye	https://gretil.sub.uni-goettingen.de/gretil/corpustei/transformations/plaintext/sa_abhinanda-rAmacaritamahAkAvye.txt
Kavya	sa_amaru-amaruzataka	https://gretil.sub.uni-goettingen.de/gretil/corpustei/transformations/plaintext/sa_amaru-amaruzataka.txt
Kavya	sa_AnandabhaTTa-vallAlacarita	https://gretil.sub.uni-goettingen.de/gretil/corpustei/transformations/plaintext/sa_AnandabhaTTa-vallAlacarita.txt
Kavya	sa_appayadIkSita-vairAgyazatakam	https://gretil.sub.uni-goettingen.de/gretil/corpustei/transformations/plaintext/sa_appayadIkSita-vairAgyazatakam.txt
Kavya	sa_azvaghoSa-buddhacarita	https://gretil.sub.uni-goettingen.de/gretil/corpustei/transformations/plaintext/sa_azvaghoSa-buddhacarita.txt
Kavya	sa_azvaghoSa-buddhacarita-alt	https://gretil.sub.uni-goettingen.de/gretil/corpustei/transformations/plaintext/sa_azvaghoSa-buddhacarita-alt.txt
Kavya	sa_azvaghoSa-saundarAnanda-edmatsunami	https://gretil.sub.uni-goettingen.de/gretil/corpustei/transformations/plaintext/sa_azvaghoSa-saundarAnanda-edmatsunami.txt
Kavya	sa_azvaghoSa-saundarAnanda	https://gretil.sub.uni-goettingen.de/gretil/corpustei/transformations/plaintext/sa_azvaghoSa-saundarAnanda.txt
Kavya	sa_bANa-harSacarita	https://gretil.sub.uni-goettingen.de/gretil/corpustei/transformations/plaintext/sa_bANa-harSacarita.txt
Kavya	sa_bANa-harSacaritapariziSTa	https://gretil.sub.uni-goettingen.de/gretil/corpustei/transformations/plaintext/sa_bANa-harSacaritapariziSTa.txt
Kavya	sa_bANa-kAdambarI-1	https://gretil.sub.uni-goettingen.de/gretil/corpustei/transformations/plaintext/sa_bANa-kAdambarI-1.txt
Kavya	sa_bhallaTa-bhallaTazataka	https://gretil.sub.uni-goettingen.de/gretil/corpustei/transformations/plaintext/sa_bhallaTa-bhallaTazataka.txt
Kavya	sa_bhAravi-kirAtArjunIya	https://gretil.sub.uni-goettingen.de/gretil/corpustei/transformations/plaintext/sa_bhAravi-kirAtArjunIya.txt
Kavya	sa_bhaTTi-rAvaNavadha	https://gretil.sub.uni-goettingen.de/gretil/corpustei/transformations/plaintext/sa_bhaTTi-rAvaNavadha.txt
Kavya	sa_bilhaNa-caurapaJcAzikA	https://gretil.sub.uni-goettingen.de/gretil/corpustei/transformations/plaintext/sa_bilhaNa-caurapaJcAzikA.txt
Kavya	sa_dAmodaragupta-kuTTanImata	https://gretil.sub.uni-goettingen.de/gretil/corpustei/transformations/plaintext/sa_dAmodaragupta-kuTTanImata.txt
Kavya	sa_daNDin-dazakumAracarita	https://gretil.sub.uni-goettingen.de/gretil/corpustei/transformations/plaintext/sa_daNDin-dazakumAracarita.txt
Kavya	sa_daNDin-dazakumAracarita3--5-6	https://gretil.sub.uni-goettingen.de/gretil/corpustei/transformations/plaintext/sa_daNDin-dazakumAracarita3--5-6.txt
Kavya	sa_dhoyI-pavanadUta	https://gretil.sub.uni-goettingen.de/gretil/corpustei/transformations/plaintext/sa_dhoyI-pavanadUta.txt
Kavya	sa_kuzalamizra-gUDhArthadIpikA	https://gretil.sub.uni-goettingen.de/gretil/corpustei/transformations/plaintext/sa_kuzalamizra-gUDhArthadIpikA.txt
Kavya	sa_ghaTakarparakAvya-comm	https://gretil.sub.uni-goettingen.de/gretil/corpustei/transformations/plaintext/sa_ghaTakarparakAvya-comm.txt
Kavya	sa_govardhana-AryAsaptazatI	https://gretil.sub.uni-goettingen.de/gretil/corpustei/transformations/plaintext/sa_govardhana-AryAsaptazatI.txt
Kavya	sa_jagannAtha-prANAbharaNa-comm	https://gretil.sub.uni-goettingen.de/gretil/corpustei/transformations/plaintext/sa_jagannAtha-prANAbharaNa-comm.txt
Kavya	sa_jagannAtha-sudhAlaharI	https://gretil.sub.uni-goettingen.de/gretil/corpustei/transformations/plaintext/sa_jagannAtha-sudhAlaharI.txt
Kavya	sa_jalhaNa-mugdhopadeza	https://gretil.sub.uni-goettingen.de/gretil/corpustei/transformations/plaintext/sa_jalhaNa-mugdhopadeza.txt
Kavya	sa_jayadeva-gItagovinda	https://gretil.sub.uni-goettingen.de/gretil/corpustei/transformations/plaintext/sa_jayadeva-gItagovinda.txt
Kavya	sa_jayadeva-gItagovinda-alt	https://gretil.sub.uni-goettingen.de/gretil/corpustei/transformations/plaintext/sa_jayadeva-gItagovinda-alt.txt
Kavya	sa_jIvagosvAmin-gopAlacampUp1-33u1-3u5-6u29	https://gretil.sub.uni-goettingen.de/gretil/corpustei/transformations/plaintext/sa_jIvagosvAmin-gopAlacampUp1-33u1-3u5-6u29.txt
Kavya	sa_jIvagosvAmin-saMkalpakalpadruma	https://gretil.sub.uni-goettingen.de/gretil/corpustei/transformations/plaintext/sa_jIvagosvAmin-saMkalpakalpadruma.txt
Kavya	sa_kAlidAsa-kumArasaMbhava	https://gretil.sub.uni-goettingen.de/gretil/corpustei/transformations/plaintext/sa_kAlidAsa-kumArasaMbhava.txt
Kavya	sa_kAlidAsa-meghadUta	https://gretil.sub.uni-goettingen.de/gretil/corpustei/transformations/plaintext/sa_kAlidAsa-meghadUta.txt
Kavya	sa_kAlidAsa-meghadUta-acc-vallabhadeva	https://gretil.sub.uni-goettingen.de/gretil/corpustei/transformations/plaintext/sa_kAlidAsa-meghadUta-acc-vallabhadeva.txt
Kavya	sa_kAlidAsa-meghadUta-edkale	https://gretil.sub.uni-goettingen.de/gretil/corpustei/transformations/plaintext/sa_kAlidAsa-meghadUta-edkale.txt
Kavya	sa_kAlidAsa-raghuvaMza	https://gretil.sub.uni-goettingen.de/gretil/corpustei/transformations/plaintext/sa_kAlidAsa-raghuvaMza.txt
Kavya	sa_kAlidAsa-raghuvaMza-kashm1-6	https://gretil.sub.uni-goettingen.de/gretil/corpustei/transformations/plaintext/sa_kAlidAsa-raghuvaMza-kashm1-6.txt
Kavya	sa_kAlidAsa-RtusaMhAra	https://gretil.sub.uni-goettingen.de/gretil/corpustei/transformations/plaintext/sa_kAlidAsa-RtusaMhAra.txt
Kavya	sa_kAlidAsa-zyAmalAdaNDaka	https://gretil.sub.uni-goettingen.de/gretil/corpustei/transformations/plaintext/sa_kAlidAsa-zyAmalAdaNDaka.txt
Kavya	sa_kSemendra-bhAratamaJjarI-6-19	https://gretil.sub.uni-goettingen.de/gretil/corpustei/transformations/plaintext/sa_kSemendra-bhAratamaJjarI-6-19.txt
Kavya	sa_kSemendra-kalAvilAsa	https://gretil.sub.uni-goettingen.de/gretil/corpustei/transformations/plaintext/sa_kSemendra-kalAvilAsa.txt
Kavya	sa_kSemendra-narmamAlA	https://gretil.sub.uni-goettingen.de/gretil/corpustei/transformations/plaintext/sa_kSemendra-narmamAlA.txt
Kavya	sa_kulazekhara-mukundamAlA-eddurgaprasad	https://gretil.sub.uni-goettingen.de/gretil/corpustei/transformations/plaintext/sa_kulazekhara-mukundamAlA-eddurgaprasad.txt
Kavya	sa_laGkezvara-zivastuti	https://gretil.sub.uni-goettingen.de/gretil/corpustei/transformations/plaintext/sa_laGkezvara-zivastuti.txt
Kavya	sa_mAgha-zizupAlavadha	https://gretil.sub.uni-goettingen.de/gretil/corpustei/transformations/plaintext/sa_mAgha-zizupAlavadha.txt
Kavya	sa_nArAyaNabhaTTa-nArAyaNIya	https://gretil.sub.uni-goettingen.de/gretil/corpustei/transformations/plaintext/sa_nArAyaNabhaTTa-nArAyaNIya.txt
Kavya	sa_nIlakaNThadIkSita-kaliviDambana	https://gretil.sub.uni-goettingen.de/gretil/corpustei/transformations/plaintext/sa_nIlakaNThadIkSita-kaliviDambana.txt
Kavya	sa_padmagupta-navasAhasAGkacarita	https://gretil.sub.uni-goettingen.de/gretil/corpustei/transformations/plaintext/sa_padmagupta-navasAhasAGkacarita.txt
Kavya	sa_hetvAbhAsadazaka	https://gretil.sub.uni-goettingen.de/gretil/corpustei/transformations/plaintext/sa_hetvAbhAsadazaka.txt
Kavya	sa_rAghavacaitanya-mahAgaNapatistotra-comm	https://gretil.sub.uni-goettingen.de/gretil/corpustei/transformations/plaintext/sa_rAghavacaitanya-mahAgaNapatistotra-comm.txt
Kavya	sa_rAmodanta	https://gretil.sub.uni-goettingen.de/gretil/corpustei/transformations/plaintext/sa_rAmodanta.txt
Kavya	sa_ravideva-rAkSasakAvyawithTIkA	https://gretil.sub.uni-goettingen.de/gretil/corpustei/transformations/plaintext/sa_ravideva-rAkSasakAvyawithTIkA.txt
Kavya	sa_rudrabhaTTaH-zRGgAratilaka	https://gretil.sub.uni-goettingen.de/gretil/corpustei/transformations/plaintext/sa_rudrabhaTTaH-zRGgAratilaka.txt
Kavya	sa_rUpagosvAmin-haMsadUta	https://gretil.sub.uni-goettingen.de/gretil/corpustei/transformations/plaintext/sa_rUpagosvAmin-haMsadUta.txt
Kavya	sa_rUpagosvAmin-padyAvalI	https://gretil.sub.uni-goettingen.de/gretil/corpustei/transformations/plaintext/sa_rUpagosvAmin-padyAvalI.txt
Kavya	sa_ruyyaka-sahRdayalIlA	https://gretil.sub.uni-goettingen.de/gretil/corpustei/transformations/plaintext/sa_ruyyaka-sahRdayalIlA.txt
Kavya	sa_subandhu-vAsavadattA	https://gretil.sub.uni-goettingen.de/gretil/corpustei/transformations/plaintext/sa_subandhu-vAsavadattA.txt
Kavya	sa_uddaNDa-kokilasaMdesa	https://gretil.sub.uni-goettingen.de/gretil/corpustei/transformations/plaintext/sa_uddaNDa-kokilasaMdesa.txt
Drama	sa_bhAsa-dUtavAkya	https://gretil.sub.uni-goettingen.de/gretil/corpustei/transformations/plaintext/sa_bhAsa-dUtavAkya.txt
Drama	sa_bhAsa-svapnavAsavadatta	https://gretil.sub.uni-goettingen.de/gretil/corpustei/transformations/plaintext/sa_bhAsa-svapnavAsavadatta.txt
Drama	sa_bhaTTanArAyaNa-veNIsaMhAra	https://gretil.sub.uni-goettingen.de/gretil/corpustei/transformations/plaintext/sa_bhaTTanArAyaNa-veNIsaMhAra.txt
Drama	sa_dramatic-fragments-buddhist	https://gretil.sub.uni-goettingen.de/gretil/corpustei/transformations/plaintext/sa_dramatic-fragments-buddhist.txt
Drama	sa_harSadeva-nAgAnanda	https://gretil.sub.uni-goettingen.de/gretil/corpustei/transformations/plaintext/sa_harSadeva-nAgAnanda.txt
Drama	sa_harSadeva-priyadarzikA	https://gretil.sub.uni-goettingen.de/gretil/corpustei/transformations/plaintext/sa_harSadeva-priyadarzikA.txt
Drama	sa_harSadeva-ratnAvalInATikA	https://gretil.sub.uni-goettingen.de/gretil/corpustei/transformations/plaintext/sa_harSadeva-ratnAvalInATikA.txt
Drama	sa_kAlidAsa-abhijJAnazakuntala	https://gretil.sub.uni-goettingen.de/gretil/corpustei/transformations/plaintext/sa_kAlidAsa-abhijJAnazakuntala.txt
Drama	sa_mahendravarman-i-mattavilAsaprahasana	https://gretil.sub.uni-goettingen.de/gretil/corpustei/transformations/plaintext/sa_mahendravarman-i-mattavilAsaprahasana.txt
Drama	sa_udIcyazyAmilaka-pADatADitaka	https://gretil.sub.uni-goettingen.de/gretil/corpustei/transformations/plaintext/sa_udIcyazyAmilaka-pADatADitaka.txt
Narrative Literature	sa_buddhasvAmin-bRhatkathAzlokasaMgraha	https://gretil.sub.uni-goettingen.de/gretil/corpustei/transformations/plaintext/sa_buddhasvAmin-bRhatkathAzlokasaMgraha.txt
Narrative Literature	sa_nArAyaNa-hitopadeza	https://gretil.sub.uni-goettingen.de/gretil/corpustei/transformations/plaintext/sa_nArAyaNa-hitopadeza.txt
Narrative Literature	sa_somadeva-kathAsaritsAgara	https://gretil.sub.uni-goettingen.de/gretil/corpustei/transformations/plaintext/sa_somadeva-kathAsaritsAgara.txt
Narrative Literature	sa_somadeva-kathAsaritsAgaravetAlapaJcaviMzatikA	https://gretil.sub.uni-goettingen.de/gretil/corpustei/transformations/plaintext/sa_somadeva-kathAsaritsAgaravetAlapaJcaviMzatikA.txt
Narrative Literature	sa_zukasaptati	https://gretil.sub.uni-goettingen.de/gretil/corpustei/transformations/plaintext/sa_zukasaptati.txt
Narrative Literature	sa_tantrAkhyAyika-1-2	https://gretil.sub.uni-goettingen.de/gretil/corpustei/transformations/plaintext/sa_tantrAkhyAyika-1-2.txt
Narrative Literature	sa_viSNuzarman-paJcatantra	https://gretil.sub.uni-goettingen.de/gretil/corpustei/transformations/plaintext/sa_viSNuzarman-paJcatantra.txt
Subhasita	sa_bhatRhari-zatakatraya	https://gretil.sub.uni-goettingen.de/gretil/corpustei/transformations/plaintext/sa_bhatRhari-zatakatraya.txt
Subhasita	sa_kSemendra-caturvargasaMgraha	https://gretil.sub.uni-goettingen.de/gretil/corpustei/transformations/plaintext/sa_kSemendra-caturvargasaMgraha.txt
Subhasita	sa_kSemendra-darpadalana	https://gretil.sub.uni-goettingen.de/gretil/corpustei/transformations/plaintext/sa_kSemendra-darpadalana.txt
Subhasita	sa_kSemendra-sevyasevakopadeza	https://gretil.sub.uni-goettingen.de/gretil/corpustei/transformations/plaintext/sa_kSemendra-sevyasevakopadeza.txt
Subhasita	sa_mahAsubhASitasaMgraha-1-9979	https://gretil.sub.uni-goettingen.de/gretil/corpustei/transformations/plaintext/sa_mahAsubhASitasaMgraha-1-9979.txt
Subhasita	sa_vallabhadeva-subhASitAvali-1-1040	https://gretil.sub.uni-goettingen.de/gretil/corpustei/transformations/plaintext/sa_vallabhadeva-subhASitAvali-1-1040.txt
Subhasita	sa_vidyAkara-subhASitaratnakoza	https://gretil.sub.uni-goettingen.de/gretil/corpustei/transformations/plaintext/sa_vidyAkara-subhASitaratnakoza.txt
Historical	sa_jonarAja-and-pseudo-jonarAja-rAjataraGginI	https://gretil.sub.uni-goettingen.de/gretil/corpustei/transformations/plaintext/sa_jonarAja-and-pseudo-jonarAja-rAjataraGginI.txt
Historical	sa_govindkaul-pradezasaMgraha	https://gretil.sub.uni-goettingen.de/gretil/corpustei/transformations/plaintext/sa_govindkaul-pradezasaMgraha.txt
Grammar	sa_bhartRhari-vAkyapadIya	https://gretil.sub.uni-goettingen.de/gretil/corpustei/transformations/plaintext/sa_bhartRhari-vAkyapadIya.txt
Grammar	sa_bhartRhari-vAkyapadIya1-3	https://gretil.sub.uni-goettingen.de/gretil/corpustei/transformations/plaintext/sa_bhartRhari-vAkyapadIya1-3.txt
Grammar	sa_kuDaka-samanvayadiz	https://gretil.sub.uni-goettingen.de/gretil/corpustei/transformations/plaintext/sa_kuDaka-samanvayadiz.txt
Grammar	sa_nAgeza-paribhASenduzekhara	https://gretil.sub.uni-goettingen.de/gretil/corpustei/transformations/plaintext/sa_nAgeza-paribhASenduzekhara.txt
Grammar	sa_pANini-aSTAdhyAyI	https://gretil.sub.uni-goettingen.de/gretil/corpustei/transformations/plaintext/sa_pANini-aSTAdhyAyI.txt
Grammar	sa_pANini-aSTAdhyAyI-alt	https://gretil.sub.uni-goettingen.de/gretil/corpustei/transformations/plaintext/sa_pANini-aSTAdhyAyI-alt.txt
Grammar	sa_pataJjali-vyAkaraNamahAbhASya	https://gretil.sub.uni-goettingen.de/gretil/corpustei/transformations/plaintext/sa_pataJjali-vyAkaraNamahAbhASya.txt
Grammar	sa_varadarAja-laghusiddhAntakaumudI	https://gretil.sub.uni-goettingen.de/gretil/corpustei/transformations/plaintext/sa_varadarAja-laghusiddhAntakaumudI.txt
Lexicography	sa_amarasiMha-nAmaliGgAnuzAsana	https://gretil.sub.uni-goettingen.de/gretil/corpustei/transformations/plaintext/sa_amarasiMha-nAmaliGgAnuzAsana.txt
Philosophy	sa_sarvamatasaMgraha	https://gretil.sub.uni-goettingen.de/gretil/corpustei/transformations/plaintext/sa_sarvamatasaMgraha.txt
Philosophy	sa_jaimini-mImAMsAsUtra	https://gretil.sub.uni-goettingen.de/gretil/corpustei/transformations/plaintext/sa_jaimini-mImAMsAsUtra.txt
Philosophy	sa_khaNDadeva-bhATTadIpikA1-3	https://gretil.sub.uni-goettingen.de/gretil/corpustei/transformations/plaintext/sa_khaNDadeva-bhATTadIpikA1-3.txt
Philosophy	sa_kumArila-mImAMsazlokavArttika-comm	https://gretil.sub.uni-goettingen.de/gretil/corpustei/transformations/plaintext/sa_kumArila-mImAMsazlokavArttika-comm.txt
Philosophy	sa_kumArila-tantravArttika-2	https://gretil.sub.uni-goettingen.de/gretil/corpustei/transformations/plaintext/sa_kumArila-tantravArttika-2.txt
Philosophy	sa_mAdhava-jaiminIyanyAyamAlAvistara	https://gretil.sub.uni-goettingen.de/gretil/corpustei/transformations/plaintext/sa_mAdhava-jaiminIyanyAyamAlAvistara.txt
Philosophy	sa_pArthasArathimizra-zAstradIpikA	https://gretil.sub.uni-goettingen.de/gretil/corpustei/transformations/plaintext/sa_pArthasArathimizra-zAstradIpikA.txt
Philosophy	sa_jaimini-mImAMsAsUtra-1-7-comm	https://gretil.sub.uni-goettingen.de/gretil/corpustei/transformations/plaintext/sa_jaimini-mImAMsAsUtra-1-7-comm.txt
Philosophy	sa_zabara-mImAMsAsUtrabhASya-1	https://gretil.sub.uni-goettingen.de/gretil/corpustei/transformations/plaintext/sa_zabara-mImAMsAsUtrabhASya-1.txt
Philosophy	sa_zAlikanAthamizra-prakaraNapaJcikA-comm	https://gretil.sub.uni-goettingen.de/gretil/corpustei/transformations/plaintext/sa_zAlikanAthamizra-prakaraNapaJcikA-comm.txt
Philosophy	sa_sucaritamizra-mImAMsAzlokavArttika	https://gretil.sub.uni-goettingen.de/gretil/corpustei/transformations/plaintext/sa_sucaritamizra-mImAMsAzlokavArttika.txt
Philosophy	sa_AdizeSa-paramArthasAra	https://gretil.sub.uni-goettingen.de/gretil/corpustei/transformations/plaintext/sa_AdizeSa-paramArthasAra.txt
Philosophy	sa_bAdarAyaNa-brahmasUtra	https://gretil.sub.uni-goettingen.de/gretil/corpustei/transformations/plaintext/sa_bAdarAyaNa-brahmasUtra.txt
Philosophy	sa_bAdarAyaNa-brahmasUtra-alt	https://gretil.sub.uni-goettingen.de/gretil/corpustei/transformations/plaintext/sa_bAdarAyaNa-brahmasUtra-alt.txt
Philosophy	sa_bAdarAyaNa-brahmasUtra1	https://gretil.sub.uni-goettingen.de/gretil/corpustei/transformations/plaintext/sa_bAdarAyaNa-brahmasUtra1.txt
Philosophy	sa_bAdarAyaNa-brahmasUtra-comm	https://gretil.sub.uni-goettingen.de/gretil/corpustei/transformations/plaintext/sa_bAdarAyaNa-brahmasUtra-comm.txt
Philosophy	sa_bAdarAyaNa-brahmasUtra-subcomm	https://gretil.sub.uni-goettingen.de/gretil/corpustei/transformations/plaintext/sa_bAdarAyaNa-brahmasUtra-subcomm.txt
Philosophy	sa_bAdarAyaNa-brahmasUtra-comm-subcomm2	https://gretil.sub.uni-goettingen.de/gretil/corpustei/transformations/plaintext/sa_bAdarAyaNa-brahmasUtra-comm-subcomm2.txt
Philosophy	sa_bAdarAyaNa-brahmasUtra-subcomm2	https://gretil.sub.uni-goettingen.de/gretil/corpustei/transformations/plaintext/sa_bAdarAyaNa-brahmasUtra-subcomm2.txt
Philosophy	sa_bhAskara-bhagavadAzayAnusaraNabhAsya	https://gretil.sub.uni-goettingen.de/gretil/corpustei/transformations/plaintext/sa_bhAskara-bhagavadAzayAnusaraNabhAsya.txt
Philosophy	sa_gauDapAda-AgamazAstra	https://gretil.sub.uni-goettingen.de/gretil/corpustei/transformations/plaintext/sa_gauDapAda-AgamazAstra.txt
Philosophy	sa_madhusUdanasarasvatI-siddhAntabindu	https://gretil.sub.uni-goettingen.de/gretil/corpustei/transformations/plaintext/sa_madhusUdanasarasvatI-siddhAntabindu.txt
Philosophy	sa_mandanamizra-brahmasiddhi	https://gretil.sub.uni-goettingen.de/gretil/corpustei/transformations/plaintext/sa_mandanamizra-brahmasiddhi.txt
Philosophy	sa_maNDanamizra-vibhramaviveka	https://gretil.sub.uni-goettingen.de/gretil/corpustei/transformations/plaintext/sa_maNDanamizra-vibhramaviveka.txt
Philosophy	sa_narahari-bodhasAra	https://gretil.sub.uni-goettingen.de/gretil/corpustei/transformations/plaintext/sa_narahari-bodhasAra.txt
Philosophy	sa_zaMkara-upadezasAhasrI	https://gretil.sub.uni-goettingen.de/gretil/corpustei/transformations/plaintext/sa_zaMkara-upadezasAhasrI.txt
Philosophy	sa_bhagavadgItA-comm	https://gretil.sub.uni-goettingen.de/gretil/corpustei/transformations/plaintext/sa_bhagavadgItA-comm.txt
Philosophy	sa_zaMkara-kaThopaniSadbhASya	https://gretil.sub.uni-goettingen.de/gretil/corpustei/transformations/plaintext/sa_zaMkara-kaThopaniSadbhASya.txt
Philosophy	sa_zaMkara-vivekacuDAmaNi	https://gretil.sub.uni-goettingen.de/gretil/corpustei/transformations/plaintext/sa_zaMkara-vivekacuDAmaNi.txt
Philosophy	sa_vAcaspatimizra-bhAmati	https://gretil.sub.uni-goettingen.de/gretil/corpustei/transformations/plaintext/sa_vAcaspatimizra-bhAmati.txt
Philosophy	sa_jayatIrtha-nyAyasudhA	https://gretil.sub.uni-goettingen.de/gretil/corpustei/transformations/plaintext/sa_jayatIrtha-nyAyasudhA.txt
Philosophy	sa_mAdhva-anuvyAkhyAna	https://gretil.sub.uni-goettingen.de/gretil/corpustei/transformations/plaintext/sa_mAdhva-anuvyAkhyAna.txt
Philosophy	sa_mAdhva-mahAbhAratatAtparyanirNaya	https://gretil.sub.uni-goettingen.de/gretil/corpustei/transformations/plaintext/sa_mAdhva-mahAbhAratatAtparyanirNaya.txt
Philosophy	sa_rAmAnuja-bhagavadgItAbhASya	https://gretil.sub.uni-goettingen.de/gretil/corpustei/transformations/plaintext/sa_rAmAnuja-bhagavadgItAbhASya.txt
Philosophy	sa_rAmAnuja-zrIbhASya-1	https://gretil.sub.uni-goettingen.de/gretil/corpustei/transformations/plaintext/sa_rAmAnuja-zrIbhASya-1.txt
Philosophy	sa_rAmAnuja-vedArthasaMgraha	https://gretil.sub.uni-goettingen.de/gretil/corpustei/transformations/plaintext/sa_rAmAnuja-vedArthasaMgraha.txt
Philosophy	sa_yAmuna-gItArthasaMgraha	https://gretil.sub.uni-goettingen.de/gretil/corpustei/transformations/plaintext/sa_yAmuna-gItArthasaMgraha.txt
Philosophy	sa_yAmuna-Izvarasiddhi	https://gretil.sub.uni-goettingen.de/gretil/corpustei/transformations/plaintext/sa_yAmuna-Izvarasiddhi.txt
Philosophy	sa_yAmuna-saMvitsiddhi	https://gretil.sub.uni-goettingen.de/gretil/corpustei/transformations/plaintext/sa_yAmuna-saMvitsiddhi.txt
Philosophy	sa_yAmuna-saMvitsiddhi-alt	https://gretil.sub.uni-goettingen.de/gretil/corpustei/transformations/plaintext/sa_yAmuna-saMvitsiddhi-alt.txt
Philosophy	sa_yAmuna-Atmasiddhi	https://gretil.sub.uni-goettingen.de/gretil/corpustei/transformations/plaintext/sa_yAmuna-Atmasiddhi.txt
Philosophy	sa_yAmuna-Izvarasiddhi-alt	https://gretil.sub.uni-goettingen.de/gretil/corpustei/transformations/plaintext/sa_yAmuna-Izvarasiddhi-alt.txt
Philosophy	sa_yAmuna-saMvitsiddhi-comm	https://gretil.sub.uni-goettingen.de/gretil/corpustei/transformations/plaintext/sa_yAmuna-saMvitsiddhi-comm.txt
Philosophy	sa_mokSopAya	https://gretil.sub.uni-goettingen.de/gretil/corpustei/transformations/plaintext/sa_mokSopAya.txt
Philosophy	sa_bhAskarakaNTha-mokSopAyaTIkA	https://gretil.sub.uni-goettingen.de/gretil/corpustei/transformations/plaintext/sa_bhAskarakaNTha-mokSopAyaTIkA.txt
Philosophy	sa_bhAvAgaNeza-tattvayAthArthyadIpana	https://gretil.sub.uni-goettingen.de/gretil/corpustei/transformations/plaintext/sa_bhAvAgaNeza-tattvayAthArthyadIpana.txt
Philosophy	sa_IzvarakRSNa-sAMkhyakArikA-alt	https://gretil.sub.uni-goettingen.de/gretil/corpustei/transformations/plaintext/sa_IzvarakRSNa-sAMkhyakArikA-alt.txt
Philosophy	sa_IzvarakRSNa-sAMkhyakArikA	https://gretil.sub.uni-goettingen.de/gretil/corpustei/transformations/plaintext/sa_IzvarakRSNa-sAMkhyakArikA.txt
Philosophy	sa_IzvarakRSNa-sAMkhyakArikA-comm2	https://gretil.sub.uni-goettingen.de/gretil/corpustei/transformations/plaintext/sa_IzvarakRSNa-sAMkhyakArikA-comm2.txt
Philosophy	sa_IzvarakRSNa-sAMkhyakArikA-comm	https://gretil.sub.uni-goettingen.de/gretil/corpustei/transformations/plaintext/sa_IzvarakRSNa-sAMkhyakArikA-comm.txt
Philosophy	sa_IzvarakRSNa-sAMkhyakArikA-comm3	https://gretil.sub.uni-goettingen.de/gretil/corpustei/transformations/plaintext/sa_IzvarakRSNa-sAMkhyakArikA-comm3.txt
Philosophy	sa_yuktidIpikA	https://gretil.sub.uni-goettingen.de/gretil/corpustei/transformations/plaintext/sa_yuktidIpikA.txt
Philosophy	sa_kapila-sAMkhyasUtra	https://gretil.sub.uni-goettingen.de/gretil/corpustei/transformations/plaintext/sa_kapila-sAMkhyasUtra.txt
Philosophy	sa_kavirAjayati-sAMkhyatattvapradIpa	https://gretil.sub.uni-goettingen.de/gretil/corpustei/transformations/plaintext/sa_kavirAjayati-sAMkhyatattvapradIpa.txt
Philosophy	sa_kezava-sAMkhyatattvapradIpikA	https://gretil.sub.uni-goettingen.de/gretil/corpustei/transformations/plaintext/sa_kezava-sAMkhyatattvapradIpikA.txt
Philosophy	sa_sAMkhyaparibhASA	https://gretil.sub.uni-goettingen.de/gretil/corpustei/transformations/plaintext/sa_sAMkhyaparibhASA.txt
Philosophy	sa_sAMkhyasUtravivaraNa	https://gretil.sub.uni-goettingen.de/gretil/corpustei/transformations/plaintext/sa_sAMkhyasUtravivaraNa.txt
Philosophy	sa_sarvopakAriNI	https://gretil.sub.uni-goettingen.de/gretil/corpustei/transformations/plaintext/sa_sarvopakAriNI.txt
Philosophy	sa_SimAnanda-sAMkhyatattvavivecana	https://gretil.sub.uni-goettingen.de/gretil/corpustei/transformations/plaintext/sa_SimAnanda-sAMkhyatattvavivecana.txt
Philosophy	sa_tattvamImAMsA	https://gretil.sub.uni-goettingen.de/gretil/corpustei/transformations/plaintext/sa_tattvamImAMsA.txt
Philosophy	sa_tattvasamAsa-4versions	https://gretil.sub.uni-goettingen.de/gretil/corpustei/transformations/plaintext/sa_tattvasamAsa-4versions.txt
Philosophy	sa_tattvasamAsasUtravRtti	https://gretil.sub.uni-goettingen.de/gretil/corpustei/transformations/plaintext/sa_tattvasamAsasUtravRtti.txt
Philosophy	sa_vijJAnabhikSu-sAMkhyasAra	https://gretil.sub.uni-goettingen.de/gretil/corpustei/transformations/plaintext/sa_vijJAnabhikSu-sAMkhyasAra.txt
Philosophy	sa_gheraNDasaMhitA	https://gretil.sub.uni-goettingen.de/gretil/corpustei/transformations/plaintext/sa_gheraNDasaMhitA.txt
Philosophy	sa_pataJjali-yogasUtra	https://gretil.sub.uni-goettingen.de/gretil/corpustei/transformations/plaintext/sa_pataJjali-yogasUtra.txt
Philosophy	sa_pataJjali-yogasUtra-alt	https://gretil.sub.uni-goettingen.de/gretil/corpustei/transformations/plaintext/sa_pataJjali-yogasUtra-alt.txt
Philosophy	sa_pataJjali-yogasUtra-with-bhASya	https://gretil.sub.uni-goettingen.de/gretil/corpustei/transformations/plaintext/sa_pataJjali-yogasUtra-with-bhASya.txt
Philosophy	sa_pataJjali-yogasUtra-with-bhASya-alt	https://gretil.sub.uni-goettingen.de/gretil/corpustei/transformations/plaintext/sa_pataJjali-yogasUtra-with-bhASya-alt.txt
Philosophy	sa_svAtmArAma-haThayogapradIpikA	https://gretil.sub.uni-goettingen.de/gretil/corpustei/transformations/plaintext/sa_svAtmArAma-haThayogapradIpikA.txt
Philosophy	sa_annaMbhatta-tarkasaMgraha	https://gretil.sub.uni-goettingen.de/gretil/corpustei/transformations/plaintext/sa_annaMbhatta-tarkasaMgraha.txt
Philosophy	sa_annaMbhaTTa-tarkasaMgraha-comm	https://gretil.sub.uni-goettingen.de/gretil/corpustei/transformations/plaintext/sa_annaMbhaTTa-tarkasaMgraha-comm.txt
Philosophy	sa_gAGgeza-tattvacintAmaNizabdakhANDa	https://gretil.sub.uni-goettingen.de/gretil/corpustei/transformations/plaintext/sa_gAGgeza-tattvacintAmaNizabdakhANDa.txt
Philosophy	sa_gautama-nyAyasUtra	https://gretil.sub.uni-goettingen.de/gretil/corpustei/transformations/plaintext/sa_gautama-nyAyasUtra.txt
Philosophy	sa_gautama-nyAyasUtra-comm2	https://gretil.sub.uni-goettingen.de/gretil/corpustei/transformations/plaintext/sa_gautama-nyAyasUtra-comm2.txt
Philosophy	sa_gautama-nyAyasUtra-comm	https://gretil.sub.uni-goettingen.de/gretil/corpustei/transformations/plaintext/sa_gautama-nyAyasUtra-comm.txt
Philosophy	sa_gautama-nyAyasUtra-comm-alt	https://gretil.sub.uni-goettingen.de/gretil/corpustei/transformations/plaintext/sa_gautama-nyAyasUtra-comm-alt.txt
Philosophy	sa_gautama-nyAyasUtra5	https://gretil.sub.uni-goettingen.de/gretil/corpustei/transformations/plaintext/sa_gautama-nyAyasUtra5.txt
Philosophy	sa_siddhasenamahAmati-nyAyAvatAra-comm	https://gretil.sub.uni-goettingen.de/gretil/corpustei/transformations/plaintext/sa_siddhasenamahAmati-nyAyAvatAra-comm.txt
Philosophy	sa_udayana-nyAyakusumAJjali	https://gretil.sub.uni-goettingen.de/gretil/corpustei/transformations/plaintext/sa_udayana-nyAyakusumAJjali.txt
Philosophy	sa_udayana-nyAyavArttikatAtparyaparizuddhi-1	https://gretil.sub.uni-goettingen.de/gretil/corpustei/transformations/plaintext/sa_udayana-nyAyavArttikatAtparyaparizuddhi-1.txt
Philosophy	sa_veGkaTanAtha-nyAyaparizuddhibhUmikA-13-5	https://gretil.sub.uni-goettingen.de/gretil/corpustei/transformations/plaintext/sa_veGkaTanAtha-nyAyaparizuddhibhUmikA-13-5.txt
Philosophy	sa_vyAsatIrtha-tarkatANDava-comm	https://gretil.sub.uni-goettingen.de/gretil/corpustei/transformations/plaintext/sa_vyAsatIrtha-tarkatANDava-comm.txt
Philosophy	sa_kaNAda-vaizeSikasUtra	https://gretil.sub.uni-goettingen.de/gretil/corpustei/transformations/plaintext/sa_kaNAda-vaizeSikasUtra.txt
Philosophy	sa_kaNAda-vaizeSikasUtra-alt	https://gretil.sub.uni-goettingen.de/gretil/corpustei/transformations/plaintext/sa_kaNAda-vaizeSikasUtra-alt.txt
Philosophy	sa_prazastapAda-pAdArthadharmasaMgraha	https://gretil.sub.uni-goettingen.de/gretil/corpustei/transformations/plaintext/sa_prazastapAda-pAdArthadharmasaMgraha.txt
Philosophy	sa_vAdivAgIzvara-mAnamanohara	https://gretil.sub.uni-goettingen.de/gretil/corpustei/transformations/plaintext/sa_vAdivAgIzvara-mAnamanohara.txt
Philosophy	sa_abhinavagupta-anuttarASTikA	https://gretil.sub.uni-goettingen.de/gretil/corpustei/transformations/plaintext/sa_abhinavagupta-anuttarASTikA.txt
Philosophy	sa_abhinavagupta-bhairavastava	https://gretil.sub.uni-goettingen.de/gretil/corpustei/transformations/plaintext/sa_abhinavagupta-bhairavastava.txt
Philosophy	sa_abhinavagupta-bodhapaJcadazikA	https://gretil.sub.uni-goettingen.de/gretil/corpustei/transformations/plaintext/sa_abhinavagupta-bodhapaJcadazikA.txt
Philosophy	sa_abhinavagupta-IzvarapratyabhijJAvimarzinI	https://gretil.sub.uni-goettingen.de/gretil/corpustei/transformations/plaintext/sa_abhinavagupta-IzvarapratyabhijJAvimarzinI.txt
Philosophy	sa_abhinavagupta-kramastotra	https://gretil.sub.uni-goettingen.de/gretil/corpustei/transformations/plaintext/sa_abhinavagupta-kramastotra.txt
Philosophy	sa_abhinavagupta-mAlinIzlokavArttika	https://gretil.sub.uni-goettingen.de/gretil/corpustei/transformations/plaintext/sa_abhinavagupta-mAlinIzlokavArttika.txt
Philosophy	sa_abhinavagupta-paramArthasAra	https://gretil.sub.uni-goettingen.de/gretil/corpustei/transformations/plaintext/sa_abhinavagupta-paramArthasAra.txt
Philosophy	sa_abhinavagupta-paramArthasAra-comm	https://gretil.sub.uni-goettingen.de/gretil/corpustei/transformations/plaintext/sa_abhinavagupta-paramArthasAra-comm.txt
Philosophy	sa_abhinavagupta-paryantapaJcAzikA	https://gretil.sub.uni-goettingen.de/gretil/corpustei/transformations/plaintext/sa_abhinavagupta-paryantapaJcAzikA.txt
Philosophy	sa_abhinavagupta-tantrAloka	https://gretil.sub.uni-goettingen.de/gretil/corpustei/transformations/plaintext/sa_abhinavagupta-tantrAloka.txt
Philosophy	sa_abhinavagupta-tantrasAra	https://gretil.sub.uni-goettingen.de/gretil/corpustei/transformations/plaintext/sa_abhinavagupta-tantrasAra.txt
Philosophy	sa_AdyanAtha-anuttaraprakAzapaJcAzikA	https://gretil.sub.uni-goettingen.de/gretil/corpustei/transformations/plaintext/sa_AdyanAtha-anuttaraprakAzapaJcAzikA.txt
Philosophy	sa_avadhUtasiddha-bhagavadbhaktistotra	https://gretil.sub.uni-goettingen.de/gretil/corpustei/transformations/plaintext/sa_avadhUtasiddha-bhagavadbhaktistotra.txt
Philosophy	sa_bhAsarvajJa-gaNakArikA-1-comm	https://gretil.sub.uni-goettingen.de/gretil/corpustei/transformations/plaintext/sa_bhAsarvajJa-gaNakArikA-1-comm.txt
Philosophy	sa_bhUtirAja-svabodhasiddhi	https://gretil.sub.uni-goettingen.de/gretil/corpustei/transformations/plaintext/sa_bhUtirAja-svabodhasiddhi.txt
Philosophy	sa_kSemarAja-pratyabhijJAhRdaya	https://gretil.sub.uni-goettingen.de/gretil/corpustei/transformations/plaintext/sa_kSemarAja-pratyabhijJAhRdaya.txt
Philosophy	sa_kSemarAja-bodhavilAsa	https://gretil.sub.uni-goettingen.de/gretil/corpustei/transformations/plaintext/sa_kSemarAja-bodhavilAsa.txt
Philosophy	sa_kSemarAja-bhairavAnukaraNastotra	https://gretil.sub.uni-goettingen.de/gretil/corpustei/transformations/plaintext/sa_kSemarAja-bhairavAnukaraNastotra.txt
Philosophy	sa_parAtriMzikA	https://gretil.sub.uni-goettingen.de/gretil/corpustei/transformations/plaintext/sa_parAtriMzikA.txt
Philosophy	sa_parAtriMzikA-comm	https://gretil.sub.uni-goettingen.de/gretil/corpustei/transformations/plaintext/sa_parAtriMzikA-comm.txt
Philosophy	sa_timirodghATana	https://gretil.sub.uni-goettingen.de/gretil/corpustei/transformations/plaintext/sa_timirodghATana.txt
Philosophy	sa_utpaladeva-ajaDapramAtRsiddhi	https://gretil.sub.uni-goettingen.de/gretil/corpustei/transformations/plaintext/sa_utpaladeva-ajaDapramAtRsiddhi.txt
Philosophy	sa_utpaladeva-IzvarapratyabhijJAkArikA-with-vRtti	https://gretil.sub.uni-goettingen.de/gretil/corpustei/transformations/plaintext/sa_utpaladeva-IzvarapratyabhijJAkArikA-with-vRtti.txt
Philosophy	sa_vAmadeva-janmamaraNavicAra	https://gretil.sub.uni-goettingen.de/gretil/corpustei/transformations/plaintext/sa_vAmadeva-janmamaraNavicAra.txt
Philosophy	sa_vAmanadatta-dvayasaMpattivArttika	https://gretil.sub.uni-goettingen.de/gretil/corpustei/transformations/plaintext/sa_vAmanadatta-dvayasaMpattivArttika.txt
Philosophy	sa_vAmanadatta-svabodhodayamaJjarI	https://gretil.sub.uni-goettingen.de/gretil/corpustei/transformations/plaintext/sa_vAmanadatta-svabodhodayamaJjarI.txt
Philosophy	sa_vasugupta-spandakArikA-comm	https://gretil.sub.uni-goettingen.de/gretil/corpustei/transformations/plaintext/sa_vasugupta-spandakArikA-comm.txt
Philosophy	sa_vasugupta-spandakArikA	https://gretil.sub.uni-goettingen.de/gretil/corpustei/transformations/plaintext/sa_vasugupta-spandakArikA.txt
Philosophy	sa_vAtUlanAtha-vAtUlanAthasUtra-comm	https://gretil.sub.uni-goettingen.de/gretil/corpustei/transformations/plaintext/sa_vAtUlanAtha-vAtUlanAthasUtra-comm.txt
Philosophy	sa_vijJAnabhairava	https://gretil.sub.uni-goettingen.de/gretil/corpustei/transformations/plaintext/sa_vijJAnabhairava.txt
Philosophy	sa_abhidharmasamuccayabhASya	https://gretil.sub.uni-goettingen.de/gretil/corpustei/transformations/plaintext/sa_abhidharmasamuccayabhASya.txt
Philosophy	sa_abhisamayAlaMkAra	https://gretil.sub.uni-goettingen.de/gretil/corpustei/transformations/plaintext/sa_abhisamayAlaMkAra.txt
Philosophy	sa_abhisamayAlaMkAravivaraNa	https://gretil.sub.uni-goettingen.de/gretil/corpustei/transformations/plaintext/sa_abhisamayAlaMkAravivaraNa.txt
Philosophy	sa_abhisamayAlaMkAravRttiH-sphuTArthA	https://gretil.sub.uni-goettingen.de/gretil/corpustei/transformations/plaintext/sa_abhisamayAlaMkAravRttiH-sphuTArthA.txt
Philosophy	sa_AlambanaparIkSA	https://gretil.sub.uni-goettingen.de/gretil/corpustei/transformations/plaintext/sa_AlambanaparIkSA.txt
Philosophy	sa_AlambanaparIkSA-comm	https://gretil.sub.uni-goettingen.de/gretil/corpustei/transformations/plaintext/sa_AlambanaparIkSA-comm.txt
Philosophy	sa_antarvyAptisamarthana	https://gretil.sub.uni-goettingen.de/gretil/corpustei/transformations/plaintext/sa_antarvyAptisamarthana.txt
Philosophy	sa_arcaTa-hetubinduTIkA-edsanghavi	https://gretil.sub.uni-goettingen.de/gretil/corpustei/transformations/plaintext/sa_arcaTa-hetubinduTIkA-edsanghavi.txt
Philosophy	sa_arcaTa-hetubinduTIkA	https://gretil.sub.uni-goettingen.de/gretil/corpustei/transformations/plaintext/sa_arcaTa-hetubinduTIkA.txt
Philosophy	sa_Aryadeva-caryAmelAvaNapradIpa	https://gretil.sub.uni-goettingen.de/gretil/corpustei/transformations/plaintext/sa_Aryadeva-caryAmelAvaNapradIpa.txt
Philosophy	sa_Aryadeva-catuHzatikA	https://gretil.sub.uni-goettingen.de/gretil/corpustei/transformations/plaintext/sa_Aryadeva-catuHzatikA.txt
Philosophy	sa_Aryadeva-cittavizuddhiprakaraNa	https://gretil.sub.uni-goettingen.de/gretil/corpustei/transformations/plaintext/sa_Aryadeva-cittavizuddhiprakaraNa.txt
Philosophy	sa_AryazUra-pAramitAsamAsa	https://gretil.sub.uni-goettingen.de/gretil/corpustei/transformations/plaintext/sa_AryazUra-pAramitAsamAsa.txt
Philosophy	sa_asaGga-abhidharmasamuccaya	https://gretil.sub.uni-goettingen.de/gretil/corpustei/transformations/plaintext/sa_asaGga-abhidharmasamuccaya.txt
Philosophy	sa_azvaghoSa-gurupaJcAzikA	https://gretil.sub.uni-goettingen.de/gretil/corpustei/transformations/plaintext/sa_azvaghoSa-gurupaJcAzikA.txt
Philosophy	sa_azvaghoSa-vajrasUcI	https://gretil.sub.uni-goettingen.de/gretil/corpustei/transformations/plaintext/sa_azvaghoSa-vajrasUcI.txt
Philosophy	sa_bhikSukarmavAkya	https://gretil.sub.uni-goettingen.de/gretil/corpustei/transformations/plaintext/sa_bhikSukarmavAkya.txt
Philosophy	sa_atiza-bodhipathapradIpa	https://gretil.sub.uni-goettingen.de/gretil/corpustei/transformations/plaintext/sa_atiza-bodhipathapradIpa.txt
Philosophy	sa_bodhisattvabhUmi	https://gretil.sub.uni-goettingen.de/gretil/corpustei/transformations/plaintext/sa_bodhisattvabhUmi.txt
Philosophy	sa_candrakIrti-prasannapada	https://gretil.sub.uni-goettingen.de/gretil/corpustei/transformations/plaintext/sa_candrakIrti-prasannapada.txt
Philosophy	sa_candrakIrti-bodhisattvayogAcAracatuHzatakaTIkA	https://gretil.sub.uni-goettingen.de/gretil/corpustei/transformations/plaintext/sa_candrakIrti-bodhisattvayogAcAracatuHzatakaTIkA.txt
Philosophy	sa_dharmakIrti-hetubindu-edsteinkellner	https://gretil.sub.uni-goettingen.de/gretil/corpustei/transformations/plaintext/sa_dharmakIrti-hetubindu-edsteinkellner.txt
Philosophy	sa_dharmakIrti-hetubindu	https://gretil.sub.uni-goettingen.de/gretil/corpustei/transformations/plaintext/sa_dharmakIrti-hetubindu.txt
Philosophy	sa_dharmakIrti-nyAyabindu	https://gretil.sub.uni-goettingen.de/gretil/corpustei/transformations/plaintext/sa_dharmakIrti-nyAyabindu.txt
Philosophy	sa_dharmakIrti-nyAyabinduprakaraNakArikA	https://gretil.sub.uni-goettingen.de/gretil/corpustei/transformations/plaintext/sa_dharmakIrti-nyAyabinduprakaraNakArikA.txt
Philosophy	sa_dharmakIrti-nyAyabinduprakaraNa-comm	https://gretil.sub.uni-goettingen.de/gretil/corpustei/transformations/plaintext/sa_dharmakIrti-nyAyabinduprakaraNa-comm.txt
Philosophy	sa_dharmakIrti-pramANavArttikakArikA	https://gretil.sub.uni-goettingen.de/gretil/corpustei/transformations/plaintext/sa_dharmakIrti-pramANavArttikakArikA.txt
Philosophy	sa_dharmakIrti-pramANavArttisvavRtti	https://gretil.sub.uni-goettingen.de/gretil/corpustei/transformations/plaintext/sa_dharmakIrti-pramANavArttisvavRtti.txt
Philosophy	sa_dharmakIrti-pramANavinizcaya-fragment	https://gretil.sub.uni-goettingen.de/gretil/corpustei/transformations/plaintext/sa_dharmakIrti-pramANavinizcaya-fragment.txt
Philosophy	sa_dharmakIrti-subandhaparIkSA-1-25	https://gretil.sub.uni-goettingen.de/gretil/corpustei/transformations/plaintext/sa_dharmakIrti-subandhaparIkSA-1-25.txt
Philosophy	sa_dharmakIrti-saMbandhaparIkSA-comm	https://gretil.sub.uni-goettingen.de/gretil/corpustei/transformations/plaintext/sa_dharmakIrti-saMbandhaparIkSA-comm.txt
Philosophy	sa_dharmakIrti-saMtAnAntarasiddhi	https://gretil.sub.uni-goettingen.de/gretil/corpustei/transformations/plaintext/sa_dharmakIrti-saMtAnAntarasiddhi.txt
Philosophy	sa_dharmakIrti-vAdanyAya	https://gretil.sub.uni-goettingen.de/gretil/corpustei/transformations/plaintext/sa_dharmakIrti-vAdanyAya.txt
Philosophy	sa_dharmakIrti-vAdanyAya-alt	https://gretil.sub.uni-goettingen.de/gretil/corpustei/transformations/plaintext/sa_dharmakIrti-vAdanyAya-alt.txt
Philosophy	sa_dharmasamuccaya	https://gretil.sub.uni-goettingen.de/gretil/corpustei/transformations/plaintext/sa_dharmasamuccaya.txt
Philosophy	sa_dignAga-prajJApAramitApiNDArtha	https://gretil.sub.uni-goettingen.de/gretil/corpustei/transformations/plaintext/sa_dignAga-prajJApAramitApiNDArtha.txt
Philosophy	sa_dignAga-yogAvatAra	https://gretil.sub.uni-goettingen.de/gretil/corpustei/transformations/plaintext/sa_dignAga-yogAvatAra.txt
Philosophy	sa_dIpaMkarazrIjJAna-ApattidezanAvidhi	https://gretil.sub.uni-goettingen.de/gretil/corpustei/transformations/plaintext/sa_dIpaMkarazrIjJAna-ApattidezanAvidhi.txt
Philosophy	sa_dIpaMkarazrIjJAna-bodhisattvAdikarmikamArgAvatAradezanA	https://gretil.sub.uni-goettingen.de/gretil/corpustei/transformations/plaintext/sa_dIpaMkarazrIjJAna-bodhisattvAdikarmikamArgAvatAradezanA.txt
Philosophy	sa_dIpaMkara-caryAsaMgrahapradIpa	https://gretil.sub.uni-goettingen.de/gretil/corpustei/transformations/plaintext/sa_dIpaMkara-caryAsaMgrahapradIpa.txt
Philosophy	sa_dIpaMkarazrIjJAna-cittotpAdasaMvaravidhikrama	https://gretil.sub.uni-goettingen.de/gretil/corpustei/transformations/plaintext/sa_dIpaMkarazrIjJAna-cittotpAdasaMvaravidhikrama.txt
Philosophy	sa_dIpaMkarazrIjJAna-dazAkuzalakarmapathadezanA	https://gretil.sub.uni-goettingen.de/gretil/corpustei/transformations/plaintext/sa_dIpaMkarazrIjJAna-dazAkuzalakarmapathadezanA.txt
Philosophy	sa_dIpaMkarazrIjJAna-gurukriyAkrama	https://gretil.sub.uni-goettingen.de/gretil/corpustei/transformations/plaintext/sa_dIpaMkarazrIjJAna-gurukriyAkrama.txt
Philosophy	sa_dIpaMkarazrIjJAna-mahAyAnapathasAdhanasaMgraha	https://gretil.sub.uni-goettingen.de/gretil/corpustei/transformations/plaintext/sa_dIpaMkarazrIjJAna-mahAyAnapathasAdhanasaMgraha.txt
Philosophy	sa_dIpaMkarazrIjJAna-samAdhisaMbhAraparivarta	https://gretil.sub.uni-goettingen.de/gretil/corpustei/transformations/plaintext/sa_dIpaMkarazrIjJAna-samAdhisaMbhAraparivarta.txt
Philosophy	sa_dIpaMkarazrIjJAna-zaraNagamanadezanA	https://gretil.sub.uni-goettingen.de/gretil/corpustei/transformations/plaintext/sa_dIpaMkarazrIjJAna-zaraNagamanadezanA.txt
Philosophy	sa_dIpaMkara-satyadvayAvatAranAma	https://gretil.sub.uni-goettingen.de/gretil/corpustei/transformations/plaintext/sa_dIpaMkara-satyadvayAvatAranAma.txt
Philosophy	sa_dIpaMkarazrIjJAna-sUtrArthasamuccayopadeza	https://gretil.sub.uni-goettingen.de/gretil/corpustei/transformations/plaintext/sa_dIpaMkarazrIjJAna-sUtrArthasamuccayopadeza.txt
Philosophy	sa_durvekamizra-dharmottarapradIpa	https://gretil.sub.uni-goettingen.de/gretil/corpustei/transformations/plaintext/sa_durvekamizra-dharmottarapradIpa.txt
Philosophy	sa_durvekamizra-hetubinduTIkAloka	https://gretil.sub.uni-goettingen.de/gretil/corpustei/transformations/plaintext/sa_durvekamizra-hetubinduTIkAloka.txt
Philosophy	sa_garbhasaMgrahaH	https://gretil.sub.uni-goettingen.de/gretil/corpustei/transformations/plaintext/sa_garbhasaMgrahaH.txt
Philosophy	sa_haribhadrasUri-nyAyapravezapravRtti	https://gretil.sub.uni-goettingen.de/gretil/corpustei/transformations/plaintext/sa_haribhadrasUri-nyAyapravezapravRtti.txt
Philosophy	sa_harivarman-satyasiddhizAstram	https://gretil.sub.uni-goettingen.de/gretil/corpustei/transformations/plaintext/sa_harivarman-satyasiddhizAstram.txt
Philosophy	sa_hastavAlaprakaraNavRtti	https://gretil.sub.uni-goettingen.de/gretil/corpustei/transformations/plaintext/sa_hastavAlaprakaraNavRtti.txt
Philosophy	sa_jitAri-hetutattvopadeza-alt	https://gretil.sub.uni-goettingen.de/gretil/corpustei/transformations/plaintext/sa_jitAri-hetutattvopadeza-alt.txt
Philosophy	sa_jitAri-hetutattvopadeza	https://gretil.sub.uni-goettingen.de/gretil/corpustei/transformations/plaintext/sa_jitAri-hetutattvopadeza.txt
Philosophy	sa_kamalazIla-bhAvanAkrama	https://gretil.sub.uni-goettingen.de/gretil/corpustei/transformations/plaintext/sa_kamalazIla-bhAvanAkrama.txt
Philosophy	sa_kamalazIla-madhyamakAloka	https://gretil.sub.uni-goettingen.de/gretil/corpustei/transformations/plaintext/sa_kamalazIla-madhyamakAloka.txt
Philosophy	sa_madhyamakAvatAra-1-5	https://gretil.sub.uni-goettingen.de/gretil/corpustei/transformations/plaintext/sa_madhyamakAvatAra-1-5.txt
Philosophy	sa_asaGga-mahAyAnasUtrAlaMkAra-alt	https://gretil.sub.uni-goettingen.de/gretil/corpustei/transformations/plaintext/sa_asaGga-mahAyAnasUtrAlaMkAra-alt.txt
Philosophy	sa_maitreyanAtha-bhavasaMkrAntiTIkA	https://gretil.sub.uni-goettingen.de/gretil/corpustei/transformations/plaintext/sa_maitreyanAtha-bhavasaMkrAntiTIkA.txt
Philosophy	sa_maitreya-madhyAntavibhAgakArikA	https://gretil.sub.uni-goettingen.de/gretil/corpustei/transformations/plaintext/sa_maitreya-madhyAntavibhAgakArikA.txt
Philosophy	sa_nAgArjuna-acintyastava	https://gretil.sub.uni-goettingen.de/gretil/corpustei/transformations/plaintext/sa_nAgArjuna-acintyastava.txt
Philosophy	sa_nAgArjuna-bhavasaGkrAntiparikathA	https://gretil.sub.uni-goettingen.de/gretil/corpustei/transformations/plaintext/sa_nAgArjuna-bhavasaGkrAntiparikathA.txt
Philosophy	sa_nAgArjuna-bodhicittavivaraNa-fragments	https://gretil.sub.uni-goettingen.de/gretil/corpustei/transformations/plaintext/sa_nAgArjuna-bodhicittavivaraNa-fragments.txt
Philosophy	sa_nAgArjuna-dharmadhAtugarbhavivaraNa	https://gretil.sub.uni-goettingen.de/gretil/corpustei/transformations/plaintext/sa_nAgArjuna-dharmadhAtugarbhavivaraNa.txt
Philosophy	sa_nAgArjuna-dharmasaMgraha	https://gretil.sub.uni-goettingen.de/gretil/corpustei/transformations/plaintext/sa_nAgArjuna-dharmasaMgraha.txt
Philosophy	sa_nAgArjuna-kriyAsaMgrahakArikA	https://gretil.sub.uni-goettingen.de/gretil/corpustei/transformations/plaintext/sa_nAgArjuna-kriyAsaMgrahakArikA.txt
Philosophy	sa_nAgArjuna-lokAtItastava	https://gretil.sub.uni-goettingen.de/gretil/corpustei/transformations/plaintext/sa_nAgArjuna-lokAtItastava.txt
Philosophy	sa_nAgArjuna-madhyamakazAstra	https://gretil.sub.uni-goettingen.de/gretil/corpustei/transformations/plaintext/sa_nAgArjuna-madhyamakazAstra.txt
Philosophy	sa_nAgArjuna-mahAyAnaviMzikA	https://gretil.sub.uni-goettingen.de/gretil/corpustei/transformations/plaintext/sa_nAgArjuna-mahAyAnaviMzikA.txt
Philosophy	sa_nAgArjuna-mUlamadhyamakakArikA	https://gretil.sub.uni-goettingen.de/gretil/corpustei/transformations/plaintext/sa_nAgArjuna-mUlamadhyamakakArikA.txt
Philosophy	sa_nAgArjuna-paJcakrama	https://gretil.sub.uni-goettingen.de/gretil/corpustei/transformations/plaintext/sa_nAgArjuna-paJcakrama.txt
Philosophy	sa_nAgArjuna-piNDIkrama	https://gretil.sub.uni-goettingen.de/gretil/corpustei/transformations/plaintext/sa_nAgArjuna-piNDIkrama.txt
Philosophy	sa_nAgArjuna-pratItyasamutpAdahRdayakArikA	https://gretil.sub.uni-goettingen.de/gretil/corpustei/transformations/plaintext/sa_nAgArjuna-pratItyasamutpAdahRdayakArikA.txt
Philosophy	sa_nAgArjuna-pratItyasamutpAdahRdayavyAkhyAna	https://gretil.sub.uni-goettingen.de/gretil/corpustei/transformations/plaintext/sa_nAgArjuna-pratItyasamutpAdahRdayavyAkhyAna.txt
Philosophy	sa_nAgArjuna-ratnAvalI	https://gretil.sub.uni-goettingen.de/gretil/corpustei/transformations/plaintext/sa_nAgArjuna-ratnAvalI.txt
Philosophy	sa_nAgArjuna-ratnAvali1	https://gretil.sub.uni-goettingen.de/gretil/corpustei/transformations/plaintext/sa_nAgArjuna-ratnAvali1.txt
Philosophy	sa_nAgArjuna-zAlistambakakArikA	https://gretil.sub.uni-goettingen.de/gretil/corpustei/transformations/plaintext/sa_nAgArjuna-zAlistambakakArikA.txt
Philosophy	sa_nAgArjuna-zAlistambakamahAyAnasUtraTIkA	https://gretil.sub.uni-goettingen.de/gretil/corpustei/transformations/plaintext/sa_nAgArjuna-zAlistambakamahAyAnasUtraTIkA.txt
Philosophy	sa_nAgArjuna-suhRllekha	https://gretil.sub.uni-goettingen.de/gretil/corpustei/transformations/plaintext/sa_nAgArjuna-suhRllekha.txt
Philosophy	sa_nAgArjuna-zUnyatAsaptati	https://gretil.sub.uni-goettingen.de/gretil/corpustei/transformations/plaintext/sa_nAgArjuna-zUnyatAsaptati.txt
Philosophy	sa_nAgArjuna-vigrahavyAvartanI	https://gretil.sub.uni-goettingen.de/gretil/corpustei/transformations/plaintext/sa_nAgArjuna-vigrahavyAvartanI.txt
Philosophy	sa_nAgArjuna-vigrahavyAvartanIkArikA	https://gretil.sub.uni-goettingen.de/gretil/corpustei/transformations/plaintext/sa_nAgArjuna-vigrahavyAvartanIkArikA.txt
Philosophy	sa_nAgArjuna-vigrahavyAvartanI-alt	https://gretil.sub.uni-goettingen.de/gretil/corpustei/transformations/plaintext/sa_nAgArjuna-vigrahavyAvartanI-alt.txt
Philosophy	sa_nAgArjuna-yuktiSaSTikakArikA-fragments	https://gretil.sub.uni-goettingen.de/gretil/corpustei/transformations/plaintext/sa_nAgArjuna-yuktiSaSTikakArikA-fragments.txt
Philosophy	sa_nAgArjuna-yuktiSaSTikakArikA	https://gretil.sub.uni-goettingen.de/gretil/corpustei/transformations/plaintext/sa_nAgArjuna-yuktiSaSTikakArikA.txt
Philosophy	sa_nAropa-sekoddeza	https://gretil.sub.uni-goettingen.de/gretil/corpustei/transformations/plaintext/sa_nAropa-sekoddeza.txt
Philosophy	sa_paNDitAzoka-avayavinirAkaraNa	https://gretil.sub.uni-goettingen.de/gretil/corpustei/transformations/plaintext/sa_paNDitAzoka-avayavinirAkaraNa.txt
Philosophy	sa_paNDitAzoka-sAmAnyadUSaNadikprasAritA	https://gretil.sub.uni-goettingen.de/gretil/corpustei/transformations/plaintext/sa_paNDitAzoka-sAmAnyadUSaNadikprasAritA.txt
Philosophy	sa_prajJAkaramati-bodhicaryAvatArapaJjikA	https://gretil.sub.uni-goettingen.de/gretil/corpustei/transformations/plaintext/sa_prajJAkaramati-bodhicaryAvatArapaJjikA.txt
Philosophy	sa_pramANavArttika	https://gretil.sub.uni-goettingen.de/gretil/corpustei/transformations/plaintext/sa_pramANavArttika.txt
Philosophy	sa_ratnagotravibhAga	https://gretil.sub.uni-goettingen.de/gretil/corpustei/transformations/plaintext/sa_ratnagotravibhAga.txt
Philosophy	sa_apohasiddhi	https://gretil.sub.uni-goettingen.de/gretil/corpustei/transformations/plaintext/sa_apohasiddhi.txt
Philosophy	sa_kSaNabhaGgasiddhi	https://gretil.sub.uni-goettingen.de/gretil/corpustei/transformations/plaintext/sa_kSaNabhaGgasiddhi.txt
Philosophy	sa_ratnakIrti-kSaNabhaGgasiddhi-vyatirekAtmikA	https://gretil.sub.uni-goettingen.de/gretil/corpustei/transformations/plaintext/sa_ratnakIrti-kSaNabhaGgasiddhi-vyatirekAtmikA.txt
Philosophy	sa_ratnakIrti-kSaNabhaGgasiddhi-vyatirekAtmikA-alt	https://gretil.sub.uni-goettingen.de/gretil/corpustei/transformations/plaintext/sa_ratnakIrti-kSaNabhaGgasiddhi-vyatirekAtmikA-alt.txt
Philosophy	sa_ratnakIrti-nibandhAvalI	https://gretil.sub.uni-goettingen.de/gretil/corpustei/transformations/plaintext/sa_ratnakIrti-nibandhAvalI.txt
Philosophy	sa_ratnakIrti-vAdarahasya	https://gretil.sub.uni-goettingen.de/gretil/corpustei/transformations/plaintext/sa_ratnakIrti-vAdarahasya.txt
Philosophy	sa_zAkyabuddhi-pramANavArttikaTIkA	https://gretil.sub.uni-goettingen.de/gretil/corpustei/transformations/plaintext/sa_zAkyabuddhi-pramANavArttikaTIkA.txt
Philosophy	sa_zAntarakSita-tattvasaMgraha	https://gretil.sub.uni-goettingen.de/gretil/corpustei/transformations/plaintext/sa_zAntarakSita-tattvasaMgraha.txt
Philosophy	sa_zAntideva-bodhicaryAvatAra	https://gretil.sub.uni-goettingen.de/gretil/corpustei/transformations/plaintext/sa_zAntideva-bodhicaryAvatAra.txt
Philosophy	sa_zAntideva-bodhicaryAvatAra-alt	https://gretil.sub.uni-goettingen.de/gretil/corpustei/transformations/plaintext/sa_zAntideva-bodhicaryAvatAra-alt.txt
Philosophy	sa_zAntideva-zikSAsamuccaya	https://gretil.sub.uni-goettingen.de/gretil/corpustei/transformations/plaintext/sa_zAntideva-zikSAsamuccaya.txt
Philosophy	sa_zAntideva-zikSAsamuccaya-alt	https://gretil.sub.uni-goettingen.de/gretil/corpustei/transformations/plaintext/sa_zAntideva-zikSAsamuccaya-alt.txt
Philosophy	sa_zikSAsamuccayakArikA	https://gretil.sub.uni-goettingen.de/gretil/corpustei/transformations/plaintext/sa_zikSAsamuccayakArikA.txt
Philosophy	sa_zUnyasamAdhipAda-tattvajJAnasaMsiddhi	https://gretil.sub.uni-goettingen.de/gretil/corpustei/transformations/plaintext/sa_zUnyasamAdhipAda-tattvajJAnasaMsiddhi.txt
Philosophy	sa_tarkabhASA	https://gretil.sub.uni-goettingen.de/gretil/corpustei/transformations/plaintext/sa_tarkabhASA.txt
Philosophy	sa_tarkarahasya	https://gretil.sub.uni-goettingen.de/gretil/corpustei/transformations/plaintext/sa_tarkarahasya.txt
Philosophy	sa_pratyakSalakSaNa-of-the-tarkarahasya	https://gretil.sub.uni-goettingen.de/gretil/corpustei/transformations/plaintext/sa_pratyakSalakSaNa-of-the-tarkarahasya.txt
Philosophy	sa_tarkazAstra	https://gretil.sub.uni-goettingen.de/gretil/corpustei/transformations/plaintext/sa_tarkazAstra.txt
Philosophy	sa_tattvaratnAvaloka	https://gretil.sub.uni-goettingen.de/gretil/corpustei/transformations/plaintext/sa_tattvaratnAvaloka.txt
Philosophy	sa_upAyahRdaya	https://gretil.sub.uni-goettingen.de/gretil/corpustei/transformations/plaintext/sa_upAyahRdaya.txt
Philosophy	sa_vararuci-zatagAthA	https://gretil.sub.uni-goettingen.de/gretil/corpustei/transformations/plaintext/sa_vararuci-zatagAthA.txt
Philosophy	sa_vasubandhu-abhidharmakozabhASya	https://gretil.sub.uni-goettingen.de/gretil/corpustei/transformations/plaintext/sa_vasubandhu-abhidharmakozabhASya.txt
Philosophy	sa_vasubandhu-abhidharmakoza	https://gretil.sub.uni-goettingen.de/gretil/corpustei/transformations/plaintext/sa_vasubandhu-abhidharmakoza.txt
Philosophy	sa_vasubandhu-bodhicittotpAdasUtrazAstra	https://gretil.sub.uni-goettingen.de/gretil/corpustei/transformations/plaintext/sa_vasubandhu-bodhicittotpAdasUtrazAstra.txt
Philosophy	sa_vasubandhu-madhyAntavibhAgakArikAbhASya	https://gretil.sub.uni-goettingen.de/gretil/corpustei/transformations/plaintext/sa_vasubandhu-madhyAntavibhAgakArikAbhASya.txt
Philosophy	sa_vasubandhu-paJcaskandhaprakaraNa	https://gretil.sub.uni-goettingen.de/gretil/corpustei/transformations/plaintext/sa_vasubandhu-paJcaskandhaprakaraNa.txt
Philosophy	sa_vasubandhu-triMzikAvijJaptikArikA	https://gretil.sub.uni-goettingen.de/gretil/corpustei/transformations/plaintext/sa_vasubandhu-triMzikAvijJaptikArikA.txt
Philosophy	sa_vasubandhu-triMzikAvijJaptikArikA-comm	https://gretil.sub.uni-goettingen.de/gretil/corpustei/transformations/plaintext/sa_vasubandhu-triMzikAvijJaptikArikA-comm.txt
Philosophy	sa_vasubandhu-trisvabhAvanirdeza	https://gretil.sub.uni-goettingen.de/gretil/corpustei/transformations/plaintext/sa_vasubandhu-trisvabhAvanirdeza.txt
Philosophy	sa_vasubandhu-viMzatikA-vijJaptimAtratAsiddhi	https://gretil.sub.uni-goettingen.de/gretil/corpustei/transformations/plaintext/sa_vasubandhu-viMzatikA-vijJaptimAtratAsiddhi.txt
Philosophy	sa_vidyAkarazAnti-tarkasopAna	https://gretil.sub.uni-goettingen.de/gretil/corpustei/transformations/plaintext/sa_vidyAkarazAnti-tarkasopAna.txt
Philosophy	sa_vimalamitra-abhidharmadIpa-comm	https://gretil.sub.uni-goettingen.de/gretil/corpustei/transformations/plaintext/sa_vimalamitra-abhidharmadIpa-comm.txt
Philosophy	sa_vimalamitra-abhidharmadIpa	https://gretil.sub.uni-goettingen.de/gretil/corpustei/transformations/plaintext/sa_vimalamitra-abhidharmadIpa.txt
Philosophy	sa_vimalamitra-abhidharmadIpa-1-383	https://gretil.sub.uni-goettingen.de/gretil/corpustei/transformations/plaintext/sa_vimalamitra-abhidharmadIpa-1-383.txt
Philosophy	sa_viMzatikAkArikA	https://gretil.sub.uni-goettingen.de/gretil/corpustei/transformations/plaintext/sa_viMzatikAkArikA.txt
Philosophy	sa_viMzikAvRtti	https://gretil.sub.uni-goettingen.de/gretil/corpustei/transformations/plaintext/sa_viMzikAvRtti.txt
Philosophy	sa_vinItadeva-saMtAnAntarasiddhiTIkA	https://gretil.sub.uni-goettingen.de/gretil/corpustei/transformations/plaintext/sa_vinItadeva-saMtAnAntarasiddhiTIkA.txt
Philosophy	sa_yazomitra-sphuTArthA-abhidharmakozavyAkhyA	https://gretil.sub.uni-goettingen.de/gretil/corpustei/transformations/plaintext/sa_yazomitra-sphuTArthA-abhidharmakozavyAkhyA.txt
Philosophy	sa_jayarAzi-tattvopaplavasiMha	https://gretil.sub.uni-goettingen.de/gretil/corpustei/transformations/plaintext/sa_jayarAzi-tattvopaplavasiMha.txt
Philosophy	sa_samantabhadra-AptamImAMsA	https://gretil.sub.uni-goettingen.de/gretil/corpustei/transformations/plaintext/sa_samantabhadra-AptamImAMsA.txt
Dharmasastra	sa_ApastambadharmasUtra	https://gretil.sub.uni-goettingen.de/gretil/corpustei/transformations/plaintext/sa_ApastambadharmasUtra.txt
Dharmasastra	sa_baudhAyanadharmasUtra	https://gretil.sub.uni-goettingen.de/gretil/corpustei/transformations/plaintext/sa_baudhAyanadharmasUtra.txt
Dharmasastra	sa_gautama-dharmasUtra	https://gretil.sub.uni-goettingen.de/gretil/corpustei/transformations/plaintext/sa_gautama-dharmasUtra.txt
Dharmasastra	sa_gautama-dharmasUtra1-3-comm	https://gretil.sub.uni-goettingen.de/gretil/corpustei/transformations/plaintext/sa_gautama-dharmasUtra1-3-comm.txt
Dharmasastra	sa_vaikhAnasadharmasUtra	https://gretil.sub.uni-goettingen.de/gretil/corpustei/transformations/plaintext/sa_vaikhAnasadharmasUtra.txt
Dharmasastra	sa_vAsiSThadharmasUtra	https://gretil.sub.uni-goettingen.de/gretil/corpustei/transformations/plaintext/sa_vAsiSThadharmasUtra.txt
Dharmasastra	sa_AGgirasasmRti	https://gretil.sub.uni-goettingen.de/gretil/corpustei/transformations/plaintext/sa_AGgirasasmRti.txt
Dharmasastra	sa_bRhaspatismRti-vyavahArakANDa	https://gretil.sub.uni-goettingen.de/gretil/corpustei/transformations/plaintext/sa_bRhaspatismRti-vyavahArakANDa.txt
Dharmasastra	sa_kAtyAyanasmRti	https://gretil.sub.uni-goettingen.de/gretil/corpustei/transformations/plaintext/sa_kAtyAyanasmRti.txt
Dharmasastra	sa_manusmRti	https://gretil.sub.uni-goettingen.de/gretil/corpustei/transformations/plaintext/sa_manusmRti.txt
Dharmasastra	sa_nAradasmRti	https://gretil.sub.uni-goettingen.de/gretil/corpustei/transformations/plaintext/sa_nAradasmRti.txt
Dharmasastra	sa_parAzarasmRti-AcAra-prAyazcitta	https://gretil.sub.uni-goettingen.de/gretil/corpustei/transformations/plaintext/sa_parAzarasmRti-AcAra-prAyazcitta.txt
Dharmasastra	sa_viSNusmRti	https://gretil.sub.uni-goettingen.de/gretil/corpustei/transformations/plaintext/sa_viSNusmRti.txt
Dharmasastra	sa_yAjJavalkyasmRti	https://gretil.sub.uni-goettingen.de/gretil/corpustei/transformations/plaintext/sa_yAjJavalkyasmRti.txt
Dharmasastra	sa_yamasmRti-78v	https://gretil.sub.uni-goettingen.de/gretil/corpustei/transformations/plaintext/sa_yamasmRti-78v.txt
Dharmasastra	sa_yamasmRti-99v	https://gretil.sub.uni-goettingen.de/gretil/corpustei/transformations/plaintext/sa_yamasmRti-99v.txt
Dharmasastra	sa_yamasmRti-182v	https://gretil.sub.uni-goettingen.de/gretil/corpustei/transformations/plaintext/sa_yamasmRti-182v.txt
Dharmasastra	sa_yamasmRti-s	https://gretil.sub.uni-goettingen.de/gretil/corpustei/transformations/plaintext/sa_yamasmRti-s.txt
Dharmasastra	sa_vijJAnezvara-mitAkSarA	https://gretil.sub.uni-goettingen.de/gretil/corpustei/transformations/plaintext/sa_vijJAnezvara-mitAkSarA.txt
Arthasastra	sa_kauTilya-arthazAstra	https://gretil.sub.uni-goettingen.de/gretil/corpustei/transformations/plaintext/sa_kauTilya-arthazAstra.txt
Kamasastra	sa_jyotirIzvarakavizekhara-paJcasAyaka	https://gretil.sub.uni-goettingen.de/gretil/corpustei/transformations/plaintext/sa_jyotirIzvarakavizekhara-paJcasAyaka.txt
Kamasastra	sa_mInanAtha-smaradIpikA	https://gretil.sub.uni-goettingen.de/gretil/corpustei/transformations/plaintext/sa_mInanAtha-smaradIpikA.txt
Kamasastra	sa_purUravas-kAdambarIsvIkaraNasUtramaJjarI	https://gretil.sub.uni-goettingen.de/gretil/corpustei/transformations/plaintext/sa_purUravas-kAdambarIsvIkaraNasUtramaJjarI.txt
Kamasastra	sa_vAtsyAyana-kAmasUtra	https://gretil.sub.uni-goettingen.de/gretil/corpustei/transformations/plaintext/sa_vAtsyAyana-kAmasUtra.txt
Kamasastra	sa_vAtsyAyana-kAmasUtra-ednirnaya	https://gretil.sub.uni-goettingen.de/gretil/corpustei/transformations/plaintext/sa_vAtsyAyana-kAmasUtra-ednirnaya.txt
Ayurveda, alchemy etc.	sa_agniveza-carakasaMhitA-parts-comm	https://gretil.sub.uni-goettingen.de/gretil/corpustei/transformations/plaintext/sa_agniveza-carakasaMhitA-parts-comm.txt
Ayurveda, alchemy etc.	sa_Anandakanda	https://gretil.sub.uni-goettingen.de/gretil/corpustei/transformations/plaintext/sa_Anandakanda.txt
Ayurveda, alchemy etc.	sa_bhAvamizra-bhAvaprakAza	https://gretil.sub.uni-goettingen.de/gretil/corpustei/transformations/plaintext/sa_bhAvamizra-bhAvaprakAza.txt
Ayurveda, alchemy etc.	sa_bower-manuscript	https://gretil.sub.uni-goettingen.de/gretil/corpustei/transformations/plaintext/sa_bower-manuscript.txt
Ayurveda, alchemy etc.	sa_cAmuNDa-rasasaMketakalikA	https://gretil.sub.uni-goettingen.de/gretil/corpustei/transformations/plaintext/sa_cAmuNDa-rasasaMketakalikA.txt
Ayurveda, alchemy etc.	sa_DhuNDhukanAtha-rasendracintAmaNi	https://gretil.sub.uni-goettingen.de/gretil/corpustei/transformations/plaintext/sa_DhuNDhukanAtha-rasendracintAmaNi.txt
Ayurveda, alchemy etc.	sa_govindabhagavatpAda-rasahRdayatantra-comm	https://gretil.sub.uni-goettingen.de/gretil/corpustei/transformations/plaintext/sa_govindabhagavatpAda-rasahRdayatantra-comm.txt
Ayurveda, alchemy etc.	sa_lolimbarAja-vaidyajIvana	https://gretil.sub.uni-goettingen.de/gretil/corpustei/transformations/plaintext/sa_lolimbarAja-vaidyajIvana.txt
Ayurveda, alchemy etc.	sa_narahari-rAjanighaNTu	https://gretil.sub.uni-goettingen.de/gretil/corpustei/transformations/plaintext/sa_narahari-rAjanighaNTu.txt
Ayurveda, alchemy etc.	sa_nityanAthasiddha-rasaratnAkara	https://gretil.sub.uni-goettingen.de/gretil/corpustei/transformations/plaintext/sa_nityanAthasiddha-rasaratnAkara.txt
Ayurveda, alchemy etc.	sa_rasAdhyaya1-302-com	https://gretil.sub.uni-goettingen.de/gretil/corpustei/transformations/plaintext/sa_rasAdhyaya1-302-com.txt
Ayurveda, alchemy etc.	sa_rasArNava1-12	https://gretil.sub.uni-goettingen.de/gretil/corpustei/transformations/plaintext/sa_rasArNava1-12.txt
Ayurveda, alchemy etc.	sa_zAlinAtha-rasamaJjarI	https://gretil.sub.uni-goettingen.de/gretil/corpustei/transformations/plaintext/sa_zAlinAtha-rasamaJjarI.txt
Ayurveda, alchemy etc.	sa_somadeva-rasendracUDAmaNi-3-57-16	https://gretil.sub.uni-goettingen.de/gretil/corpustei/transformations/plaintext/sa_somadeva-rasendracUDAmaNi-3-57-16.txt
Ayurveda, alchemy etc.	sa_suSeNa-Ayurvedamahodadhau-annapAnavidhi	https://gretil.sub.uni-goettingen.de/gretil/corpustei/transformations/plaintext/sa_suSeNa-Ayurvedamahodadhau-annapAnavidhi.txt
Ayurveda, alchemy etc.	sa_vAgbhaTa-aSTAGgahRdayasUtra	https://gretil.sub.uni-goettingen.de/gretil/corpustei/transformations/plaintext/sa_vAgbhaTa-aSTAGgahRdayasUtra.txt
Ayurveda, alchemy etc.	sa_vAgbhaTa-rasaratnasamuccaya	https://gretil.sub.uni-goettingen.de/gretil/corpustei/transformations/plaintext/sa_vAgbhaTa-rasaratnasamuccaya.txt
Ayurveda, alchemy etc.	sa_vAgbhaTa-rasaratnasamuccaya-1-18	https://gretil.sub.uni-goettingen.de/gretil/corpustei/transformations/plaintext/sa_vAgbhaTa-rasaratnasamuccaya-1-18.txt
Ayurveda, alchemy etc.	sa_vAhaTa-aSTAGganighaNTu	https://gretil.sub.uni-goettingen.de/gretil/corpustei/transformations/plaintext/sa_vAhaTa-aSTAGganighaNTu.txt
Ayurveda, alchemy etc.	sa_yazodhara-rasaprakAzasudhAkara	https://gretil.sub.uni-goettingen.de/gretil/corpustei/transformations/plaintext/sa_yazodhara-rasaprakAzasudhAkara.txt
Ayurveda, alchemy etc.	sa_yogazataka	https://gretil.sub.uni-goettingen.de/gretil/corpustei/transformations/plaintext/sa_yogazataka.txt
Astrology, astronomy, mathematics	sa_AryabhaTa-AryabhaTIya	https://gretil.sub.uni-goettingen.de/gretil/corpustei/transformations/plaintext/sa_AryabhaTa-AryabhaTIya.txt
Astrology, astronomy, mathematics	sa_AryabhaTa-AryabhaTIya-comm	https://gretil.sub.uni-goettingen.de/gretil/corpustei/transformations/plaintext/sa_AryabhaTa-AryabhaTIya-comm.txt
Astrology, astronomy, mathematics	sa_bhAskara-bIjagaNita	https://gretil.sub.uni-goettingen.de/gretil/corpustei/transformations/plaintext/sa_bhAskara-bIjagaNita.txt
Astrology, astronomy, mathematics	sa_bhAskara-lIlAvatI	https://gretil.sub.uni-goettingen.de/gretil/corpustei/transformations/plaintext/sa_bhAskara-lIlAvatI.txt
Astrology, astronomy, mathematics	sa_brahmagupta-brAhmasphuTasiddhAnta	https://gretil.sub.uni-goettingen.de/gretil/corpustei/transformations/plaintext/sa_brahmagupta-brAhmasphuTasiddhAnta.txt
Astrology, astronomy, mathematics	sa_lagadha-RgvedavedAGgajyotiSa	https://gretil.sub.uni-goettingen.de/gretil/corpustei/transformations/plaintext/sa_lagadha-RgvedavedAGgajyotiSa.txt
Astrology, astronomy, mathematics	sa_sUryasiddhAnta	https://gretil.sub.uni-goettingen.de/gretil/corpustei/transformations/plaintext/sa_sUryasiddhAnta.txt
Astrology, astronomy, mathematics	sa_varAhamihira-bRhajjAtaka	https://gretil.sub.uni-goettingen.de/gretil/corpustei/transformations/plaintext/sa_varAhamihira-bRhajjAtaka.txt
Astrology, astronomy, mathematics	sa_varAhamihira-bRhatsaMhitA	https://gretil.sub.uni-goettingen.de/gretil/corpustei/transformations/plaintext/sa_varAhamihira-bRhatsaMhitA.txt
Astrology, astronomy, mathematics	sa_varAhamihira-tikanikayAtra	https://gretil.sub.uni-goettingen.de/gretil/corpustei/transformations/plaintext/sa_varAhamihira-tikanikayAtra.txt
Astrology, astronomy, mathematics	sa_varAhamihira-vivAhapaTala	https://gretil.sub.uni-goettingen.de/gretil/corpustei/transformations/plaintext/sa_varAhamihira-vivAhapaTala.txt
Astrology, astronomy, mathematics	sa_varAhamihira-yogayAtrA-edpingree	https://gretil.sub.uni-goettingen.de/gretil/corpustei/transformations/plaintext/sa_varAhamihira-yogayAtrA-edpingree.txt
Astrology, astronomy, mathematics	sa_varAhamihira-yogayAtrA-edjha	https://gretil.sub.uni-goettingen.de/gretil/corpustei/transformations/plaintext/sa_varAhamihira-yogayAtrA-edjha.txt
20th century	sa_rAva-mithyAgrahaNa	https://gretil.sub.uni-goettingen.de/gretil/corpustei/transformations/plaintext/sa_rAva-mithyAgrahaNa.txt
Vyakhyanas	ta-sa_periyavaccanpillai-perumaltiromolivyAkhyAnam	https://gretil.sub.uni-goettingen.de/gretil/corpustei/transformations/plaintext/ta-sa_periyavaccanpillai-perumaltiromolivyAkhyAnam.txt
Saiva	xct_tshangs-dbyangs-rgya-mtsho'i-mgul-glu	https://gretil.sub.uni-goettingen.de/gretil/corpustei/transformations/plaintext/xct_tshangs-dbyangs-rgya-mtsho'i-mgul-glu.txt
Translations	xct_azvaghoSa-buddhacarita-collation	https://gretil.sub.uni-goettingen.de/gretil/corpustei/transformations/plaintext/xct_azvaghoSa-buddhacarita-collation.txt
Kavya	sa_zrIharSa_naiSadhIyacaritam.txt	https://github.com/cahcblr/sanchaya/tree/main/gretil/sa_zrIharSa_naiSadhIyacaritam.txt
ks_a sa_kaalidaasa_kumaarasambhava_01.txt    https://github.com/cahcblr/sanchaya/blob/main/gretil/sa_kaalidaasa_kumaarasambhava_01.txt
ks_a sa_kaalidaasa_kumaarasambhava_02.txt    https://github.com/cahcblr/sanchaya/blob/main/gretil/sa_kaalidaasa_kumaarasambhava_02.txt
ks_a sa_kaalidaasa_kumaarasambhava_03.txt    https://github.com/cahcblr/sanchaya/blob/main/gretil/sa_kaalidaasa_kumaarasambhava_03.txt
ks_a sa_kaalidaasa_kumaarasambhava_04.txt    https://github.com/cahcblr/sanchaya/blob/main/gretil/sa_kaalidaasa_kumaarasambhava_04.txt
ks_a sa_kaalidaasa_kumaarasambhava_05.txt    https://github.com/cahcblr/sanchaya/blob/main/gretil/sa_kaalidaasa_kumaarasambhava_05.txt
ks_a sa_kaalidaasa_kumaarasambhava_06.txt    https://github.com/cahcblr/sanchaya/blob/main/gretil/sa_kaalidaasa_kumaarasambhava_06.txt
ks_a sa_kaalidaasa_kumaarasambhava_07.txt    https://github.com/cahcblr/sanchaya/blob/main/gretil/sa_kaalidaasa_kumaarasambhava_07.txt
ks_a sa_kaalidaasa_kumaarasambhava_08.txt    https://github.com/cahcblr/sanchaya/blob/main/gretil/sa_kaalidaasa_kumaarasambhava_08.txt
ks_b sa_kaalidaasa_kumaarasambhava_09.txt    https://github.com/cahcblr/sanchaya/blob/main/gretil/sa_kaalidaasa_kumaarasambhava_09.txt
ks_b sa_kaalidaasa_kumaarasambhava_10.txt    https://github.com/cahcblr/sanchaya/blob/main/gretil/sa_kaalidaasa_kumaarasambhava_10.txt
ks_b sa_kaalidaasa_kumaarasambhava_11.txt    https://github.com/cahcblr/sanchaya/blob/main/gretil/sa_kaalidaasa_kumaarasambhava_11.txt
ks_b sa_kaalidaasa_kumaarasambhava_12.txt    https://github.com/cahcblr/sanchaya/blob/main/gretil/sa_kaalidaasa_kumaarasambhava_12.txt
ks_b sa_kaalidaasa_kumaarasambhava_13.txt    https://github.com/cahcblr/sanchaya/blob/main/gretil/sa_kaalidaasa_kumaarasambhava_13.txt
ks_b sa_kaalidaasa_kumaarasambhava_14.txt    https://github.com/cahcblr/sanchaya/blob/main/gretil/sa_kaalidaasa_kumaarasambhava_14.txt
ks_b sa_kaalidaasa_kumaarasambhava_15.txt    https://github.com/cahcblr/sanchaya/blob/main/gretil/sa_kaalidaasa_kumaarasambhava_15.txt
ks_b sa_kaalidaasa_kumaarasambhava_16.txt    https://github.com/cahcblr/sanchaya/blob/main/gretil/sa_kaalidaasa_kumaarasambhava_16.txt
ks_b sa_kaalidaasa_kumaarasambhava_17.txt    https://github.com/cahcblr/sanchaya/blob/main/gretil/sa_kaalidaasa_kumaarasambhava_17.txt